# Model-estimated failure probability based on synthetic demonstration data; not a validated real-world failure probability.
asset_id,asset_type,substation,location,latitude,longitude,age_years,temperature,temperature_trend,vibration,oil_quality,load_percentage,maintenance_days_ago,maintenance_count,previous_failures,weather_severity,humidity,wind_speed,rainfall,historical_incidents,criticality,downstream_customers,critical_facilities,neighbor_count,failure_within_horizon,failure_probability,failure_risk_percent,risk_category
FDR-100,feeder,Anand Substation,Anand,22.57005,73.10196,33.6,67.9,stable,4.95,58.0,81.3,256,1,2,32.7,40.7,23.3,27.6,2,Low,1095,0,2,1,0.9943801974199715,99.44,CRITICAL
TX-100,transformer,Bharuch Substation,Bharuch,22.36912,73.32109,43.8,63.3,stable,4.92,63.2,81.7,154,4,0,37.4,53.5,22.0,41.7,0,Medium,1460,0,2,1,0.9906478064762148,99.06,HIGH
TX-101,transformer,Baroda South Substation,Baroda South,22.07264,73.23682,41.7,66.0,rising,4.22,66.6,64.7,321,5,0,24.3,71.6,11.3,35.2,0,High,1962,1,2,1,0.9869680630363764,98.7,HIGH
FDR-101,feeder,Karjan Substation,Karjan,22.08437,73.20035,35.9,63.7,rising,4.17,69.4,44.4,363,4,2,41.0,47.3,6.7,34.7,3,Low,898,0,6,1,0.6955483137495243,69.55,MEDIUM
RCL-100,recloser,Nadiad Substation,Nadiad,21.98987,73.18517,8.1,64.3,falling,4.29,62.0,85.3,162,0,0,85.8,55.7,25.4,27.1,0,High,2141,3,2,0,0.00423161945841836,0.42,LOW
TX-102,transformer,Karjan Substation,Karjan,22.09493,73.19125,9.9,51.6,falling,2.93,75.0,58.2,96,5,0,56.4,56.3,25.0,84.6,0,High,2413,2,2,0,0.0041690641065244,0.42,LOW
BRK-100,breaker,Karjan Substation,Karjan,22.21019,73.41681,5.2,54.8,stable,2.52,82.8,45.8,214,4,0,33.1,57.3,13.4,55.6,0,Low,805,0,1,0,0.001536081904080699,0.15,LOW
TX-103,transformer,Padra Substation,Padra,22.41502,72.93657,8.3,53.9,rising,3.03,87.3,63.0,166,4,0,73.7,21.6,29.7,84.6,0,Low,387,0,5,0,0.0009451701776444245,0.09,LOW
TX-104,transformer,Halol Substation,Halol,22.12132,73.35112,36.6,74.9,stable,6.12,45.7,79.2,282,3,1,75.7,37.6,24.4,0.0,2,Medium,3060,3,6,1,0.9831518808062912,98.32,HIGH
FDR-102,feeder,Karjan Substation,Karjan,22.04744,73.10573,39.7,57.8,rising,4.04,79.0,79.3,108,4,0,38.9,48.2,32.1,57.4,1,Low,329,0,5,0,0.015782724448054213,1.58,LOW
CAP-100,capacitor_bank,Padra Substation,Padra,22.52925,73.02605,1.2,53.9,stable,2.84,82.3,63.3,236,6,1,38.4,70.5,10.9,63.4,1,Low,20,0,1,0,0.0018135078132473904,0.18,LOW
TX-105,transformer,Padra Substation,Padra,22.47438,73.42279,44.0,65.0,falling,4.53,71.8,91.9,230,5,0,4.7,52.2,35.5,95.2,0,Low,845,0,3,1,0.9946598030876992,99.47,CRITICAL
BRK-101,breaker,Vadodara Central Substation,Vadodara Central,22.26394,73.38391,44.2,62.8,falling,4.5,72.4,96.3,320,4,0,52.0,53.3,9.4,7.1,0,Medium,1040,1,1,1,0.9932460242052554,99.32,HIGH
RCL-101,recloser,Godhra Substation,Godhra,22.45003,73.264,14.8,56.3,stable,2.99,78.8,62.9,200,4,0,48.7,76.0,12.5,79.6,0,Medium,1022,1,4,0,0.004202160433002071,0.42,LOW
FDR-103,feeder,Godhra Substation,Godhra,22.35924,72.90333,30.2,60.6,rising,3.95,74.9,78.8,181,5,1,46.2,35.4,7.0,0.0,1,Medium,1501,0,2,0,0.02311212676796425,2.31,LOW
BRK-102,breaker,Baroda North Substation,Baroda North,22.09412,73.3666,41.4,65.1,rising,4.94,52.5,62.1,271,4,2,23.3,67.3,11.4,71.7,3,High,1989,0,6,1,0.9920749351922379,99.21,HIGH
TX-106,transformer,Halol Substation,Halol,22.10903,73.13399,24.8,52.3,rising,2.96,76.1,60.8,74,3,0,33.9,26.5,28.4,0.0,0,Medium,1027,1,3,0,0.0025927764921285837,0.26,LOW
CAP-101,capacitor_bank,Padra Substation,Padra,22.12915,73.17282,10.7,56.1,rising,3.32,69.7,59.0,250,3,0,42.1,69.8,19.7,32.5,0,Low,367,0,4,0,0.004423718649778841,0.44,LOW
CAP-102,capacitor_bank,Nadiad Substation,Nadiad,22.32412,73.47824,1.9,56.9,falling,3.52,77.6,58.0,242,5,0,0.0,63.6,18.7,76.5,0,Low,771,0,2,0,0.0018202774133482262,0.18,LOW
BRK-103,breaker,Baroda South Substation,Baroda South,21.97388,73.47647,18.5,53.2,rising,2.48,88.2,58.5,58,7,0,15.9,81.1,16.2,18.8,0,Medium,1603,0,4,0,0.002275216808769958,0.23,LOW
CAP-103,capacitor_bank,Baroda South Substation,Baroda South,22.39083,73.06576,22.3,55.1,stable,3.54,70.2,64.9,282,6,0,29.4,43.7,11.8,107.2,0,Low,522,0,5,1,0.967192248953267,96.72,MEDIUM
RCL-102,recloser,Baroda North Substation,Baroda North,21.98369,73.22152,21.9,56.9,stable,3.41,73.4,77.2,168,4,0,22.9,26.9,46.1,9.0,0,Low,298,0,3,0,0.005111511768069937,0.51,LOW
TX-107,transformer,Godhra Substation,Godhra,22.02905,72.93083,27.3,65.6,stable,4.06,69.6,68.7,263,4,0,46.5,45.6,41.2,2.1,1,Low,20,0,3,0,0.23049049981502095,23.05,MEDIUM
FDR-104,feeder,Baroda North Substation,Baroda North,22.33786,73.05879,7.6,52.3,rising,3.09,85.1,70.9,137,5,0,24.1,39.6,21.3,107.8,0,Medium,481,0,2,0,0.001994954481148013,0.2,LOW
TX-108,transformer,Padra Substation,Padra,22.54483,73.16349,32.1,63.4,stable,4.26,68.2,61.6,84,2,0,2.7,34.2,14.0,95.0,1,Low,43,0,5,1,0.9770724047016541,97.71,MEDIUM
TX-109,transformer,Vadodara Central Substation,Vadodara Central,22.57834,73.18201,15.2,58.9,rising,4.49,74.9,93.5,176,7,0,41.7,79.4,22.2,0.0,0,Low,493,0,4,0,0.04057845384351836,4.06,LOW
TX-110,transformer,Baroda North Substation,Baroda North,22.20668,73.31895,25.2,56.7,rising,3.3,74.6,54.5,318,7,0,38.0,46.7,21.3,2.0,0,Medium,1749,1,3,1,0.9385370560182372,93.85,MEDIUM
RCL-103,recloser,Karjan Substation,Karjan,22.50482,73.06575,19.0,60.0,stable,4.71,60.0,94.3,307,6,0,35.5,40.2,23.8,1.9,1,Low,467,0,2,0,0.024816978625134253,2.48,LOW
FDR-105,feeder,Padra Substation,Padra,22.58657,73.1972,39.1,64.9,stable,4.5,67.1,64.4,323,8,0,2.6,33.1,31.2,14.1,0,High,2362,0,6,1,0.8382700930709351,83.83,MEDIUM
FDR-106,feeder,Karjan Substation,Karjan,22.5982,73.34806,43.7,62.0,stable,4.66,53.2,73.0,319,2,1,70.1,75.2,14.0,70.8,1,Medium,1036,1,3,1,0.9963891869279297,99.64,CRITICAL
TX-111,transformer,Baroda North Substation,Baroda North,22.28262,72.94432,17.5,51.4,stable,2.7,72.4,47.1,113,7,0,18.8,62.1,15.1,14.0,0,Low,464,0,6,0,0.005279461672623377,0.53,LOW
RCL-104,recloser,Nadiad Substation,Nadiad,22.44302,73.03807,9.8,56.5,stable,3.69,81.6,70.1,256,3,0,93.3,52.0,30.8,17.3,1,Medium,768,0,3,0,0.008367999995932377,0.84,LOW
TX-112,transformer,Godhra Substation,Godhra,22.53983,73.46651,37.9,63.7,falling,4.23,66.0,66.4,175,4,0,33.9,54.9,11.8,69.4,0,Medium,1621,2,3,0,0.08243956993690736,8.24,LOW
TX-113,transformer,Bharuch Substation,Bharuch,22.51896,73.23684,10.9,64.0,stable,4.11,58.3,54.0,285,3,0,52.2,38.1,30.2,37.4,0,Low,741,0,5,0,0.09411927262723294,9.41,LOW
TX-114,transformer,Baroda North Substation,Baroda North,21.9229,73.12232,6.1,49.4,rising,2.95,81.8,71.7,146,3,1,50.9,48.8,6.2,0.0,1,Medium,1005,1,3,0,0.0008690380270607092,0.09,LOW
RCL-105,recloser,Bharuch Substation,Bharuch,22.12999,72.98853,16.8,51.4,rising,3.13,85.2,81.9,222,3,0,17.1,57.6,10.7,71.7,0,Medium,1620,1,2,0,0.00736310725692761,0.74,LOW
TX-115,transformer,Baroda South Substation,Baroda South,22.19839,72.96478,12.7,50.2,stable,3.06,78.7,69.1,162,3,0,26.3,36.9,7.3,83.1,0,Medium,1021,4,4,0,0.0014856967235211554,0.15,LOW
FDR-107,feeder,Baroda North Substation,Baroda North,21.96656,73.15606,26.8,62.0,rising,3.91,67.7,62.7,170,4,0,32.1,68.7,9.2,64.6,0,Low,122,0,6,0,0.036650843734555044,3.67,LOW
FDR-108,feeder,Baroda South Substation,Baroda South,22.35972,73.03455,20.0,65.3,rising,4.77,64.6,76.0,236,3,1,24.8,69.7,14.2,49.8,1,Low,342,0,2,1,0.9858782073237352,98.59,HIGH
CAP-104,capacitor_bank,Bharuch Substation,Bharuch,21.96423,73.21829,25.7,58.4,stable,3.43,78.2,61.1,102,4,0,35.3,57.6,0.0,26.9,0,Medium,1478,2,1,0,0.013220840938468995,1.32,LOW
FDR-109,feeder,Baroda South Substation,Baroda South,22.58911,72.93287,4.7,46.3,rising,2.24,89.2,50.2,64,3,0,39.0,55.2,13.1,14.2,0,Medium,1421,0,4,0,0.0009791572566073806,0.1,LOW
RCL-106,recloser,Baroda South Substation,Baroda South,22.02031,73.46857,19.9,60.9,stable,4.66,60.3,75.4,301,1,0,62.9,49.2,19.0,25.7,0,Medium,1641,0,3,1,0.9832196146547287,98.32,HIGH
BRK-104,breaker,Bharuch Substation,Bharuch,21.95275,73.47078,24.1,54.4,rising,3.04,77.6,61.6,208,6,1,55.1,40.9,31.1,67.0,1,Low,20,0,6,0,0.0028002754647242422,0.28,LOW
FDR-110,feeder,Karjan Substation,Karjan,22.30623,73.47254,39.0,66.4,rising,4.8,56.5,86.3,262,6,1,52.0,50.1,19.0,46.9,1,High,2078,1,4,1,0.9980701421754309,99.81,CRITICAL
TX-116,transformer,Karjan Substation,Karjan,22.13425,73.09781,3.7,50.8,falling,2.99,74.4,55.9,233,5,0,60.3,46.3,17.2,20.1,0,Low,604,0,6,0,0.0012044543876209856,0.12,LOW
FDR-111,feeder,Nadiad Substation,Nadiad,22.36932,73.20509,15.7,55.7,rising,3.14,76.0,48.7,289,1,0,12.8,36.0,30.4,60.2,0,Medium,819,0,6,1,0.9653441384120851,96.53,MEDIUM
TX-117,transformer,Godhra Substation,Godhra,22.37345,73.04252,7.8,52.2,stable,3.05,80.2,51.4,149,3,0,4.0,47.9,14.7,62.6,0,High,2687,2,3,0,0.0019213130774704897,0.19,LOW
TX-118,transformer,Halol Substation,Halol,22.48173,72.95503,20.4,65.8,stable,4.11,58.2,60.8,222,1,0,18.2,40.7,19.2,90.5,0,Low,449,1,4,0,0.02727954159853539,2.73,LOW
CAP-105,capacitor_bank,Bharuch Substation,Bharuch,22.26944,72.96671,10.9,52.6,rising,2.91,72.1,64.1,101,7,0,27.6,55.9,6.8,0.0,1,Low,20,1,5,0,0.0022653246456527565,0.23,LOW
TX-119,transformer,Anand Substation,Anand,22.17332,73.18208,37.8,59.9,stable,3.94,66.2,60.0,138,6,0,41.6,63.6,31.7,7.3,0,Medium,1251,1,1,0,0.016032100975716154,1.6,LOW
RCL-107,recloser,Nadiad Substation,Nadiad,22.52005,73.08936,29.9,64.6,stable,4.99,53.4,76.5,220,1,1,15.3,72.0,16.6,47.8,1,High,2371,2,2,1,0.9875520749600502,98.76,HIGH
FDR-112,feeder,Padra Substation,Padra,22.28183,73.09273,38.9,58.4,stable,4.19,64.2,69.0,318,0,0,60.8,63.9,32.2,0.0,0,Low,862,0,2,1,0.9912704418418936,99.13,HIGH
BRK-105,breaker,Nadiad Substation,Nadiad,22.44496,73.1198,20.7,61.2,falling,3.84,75.1,60.6,150,7,0,51.7,30.1,16.6,44.7,0,Medium,1374,0,2,0,0.02926414962669129,2.93,LOW
FDR-113,feeder,Karjan Substation,Karjan,22.49698,73.17123,4.4,46.6,stable,2.75,79.6,59.4,167,6,1,59.2,74.1,29.6,33.1,1,Medium,1066,1,2,0,0.0007898882472645748,0.08,LOW
FDR-114,feeder,Baroda North Substation,Baroda North,22.1165,73.49976,13.8,56.2,rising,3.42,70.8,64.5,91,5,0,97.8,56.5,29.6,10.7,0,High,2549,3,1,0,0.0032818706551669286,0.33,LOW
FDR-115,feeder,Vadodara Central Substation,Vadodara Central,22.09212,73.27501,35.3,63.5,rising,4.76,58.0,84.9,200,5,0,50.6,44.6,32.1,0.0,0,High,2885,2,5,1,0.9952904000869719,99.53,CRITICAL
TX-120,transformer,Baroda South Substation,Baroda South,22.18426,73.17213,40.7,65.9,falling,5.09,64.1,99.0,279,4,0,29.0,36.3,11.9,112.1,0,Medium,1438,0,6,1,0.9967995519267788,99.68,CRITICAL
TX-121,transformer,Vadodara Central Substation,Vadodara Central,22.55363,73.33268,32.6,62.3,falling,4.06,69.6,77.3,195,3,0,61.9,55.1,22.5,31.4,0,Low,733,0,3,1,0.9710698613987444,97.11,MEDIUM
TX-122,transformer,Padra Substation,Padra,22.03626,73.23193,18.3,56.0,rising,3.3,77.0,64.8,161,6,0,14.9,62.1,18.2,58.3,0,Low,604,0,5,1,0.015821105670133225,1.58,LOW
FDR-116,feeder,Padra Substation,Padra,22.17507,73.2699,43.9,61.0,stable,4.18,61.3,57.0,330,2,0,40.9,63.8,24.8,1.8,0,Medium,1363,0,2,0,0.036267615667708496,3.63,LOW
FDR-117,feeder,Padra Substation,Padra,22.44222,73.12811,36.9,64.3,stable,5.15,63.6,90.3,225,4,1,39.4,80.7,14.4,47.5,1,Medium,846,1,5,1,0.9947336384094821,99.47,CRITICAL
TX-123,transformer,Karjan Substation,Karjan,22.46256,73.05862,19.1,54.6,falling,2.87,76.6,78.9,72,5,0,55.3,42.1,16.6,75.8,0,Low,1083,0,6,0,0.008394166420292035,0.84,LOW
RCL-108,recloser,Nadiad Substation,Nadiad,22.42314,73.02839,32.0,61.5,rising,4.56,58.1,92.4,175,3,1,25.2,70.5,0.0,49.8,1,Medium,1026,0,3,0,0.04441578621986128,4.44,LOW
TX-124,transformer,Padra Substation,Padra,22.09979,72.9355,11.7,57.5,stable,3.36,79.4,65.4,154,7,0,60.0,22.2,10.8,0.0,0,Medium,1751,1,3,0,0.0044958312094713305,0.45,LOW
BRK-106,breaker,Godhra Substation,Godhra,22.52248,72.98052,8.7,53.9,rising,3.19,84.9,100.2,32,10,1,17.7,56.5,17.0,24.8,1,Low,330,1,4,0,0.006299801934059869,0.63,LOW
TX-125,transformer,Baroda North Substation,Baroda North,22.56782,73.08117,1.6,47.9,stable,2.5,89.9,59.4,85,3,0,48.6,49.5,20.6,79.6,0,Low,354,0,3,0,0.0011931092419704963,0.12,LOW
TX-126,transformer,Bharuch Substation,Bharuch,22.37624,73.25749,40.4,61.8,rising,4.19,70.8,90.6,288,4,0,52.0,54.7,4.4,1.9,0,Medium,1522,0,2,1,0.9964509192423396,99.65,CRITICAL
FDR-118,feeder,Padra Substation,Padra,22.42206,73.24699,26.2,56.7,rising,3.66,71.4,64.5,189,6,0,54.2,37.8,21.5,28.4,0,High,2232,2,1,1,0.9034790106782735,90.35,MEDIUM
TX-127,transformer,Baroda North Substation,Baroda North,22.17514,72.97641,21.8,53.8,rising,3.67,84.4,78.8,229,2,0,69.4,67.7,13.2,119.1,0,Low,836,0,5,0,0.015642442411915532,1.56,LOW
CAP-106,capacitor_bank,Anand Substation,Anand,22.06404,73.03036,21.3,58.3,rising,4.07,70.1,85.9,132,1,1,10.9,55.3,21.7,8.4,1,High,1988,2,4,0,0.34953595283370137,34.95,MEDIUM
TX-128,transformer,Padra Substation,Padra,22.16352,73.35265,39.6,65.9,stable,4.18,67.3,63.9,236,4,0,29.9,50.6,16.9,11.9,0,Medium,1716,0,3,1,0.979695417998337,97.97,MEDIUM
CAP-107,capacitor_bank,Nadiad Substation,Nadiad,22.50863,73.09978,24.3,57.8,rising,3.74,69.5,67.4,209,1,0,32.5,40.3,27.5,53.2,0,Medium,1333,0,2,0,0.016363949760592817,1.64,LOW
TX-129,transformer,Godhra Substation,Godhra,22.28732,73.25042,25.3,60.2,stable,3.41,72.9,58.2,171,3,1,40.7,26.8,21.6,68.9,1,Medium,1127,1,3,0,0.010864945444621875,1.09,LOW
TX-130,transformer,Godhra Substation,Godhra,21.93396,72.90383,29.8,58.6,rising,3.87,74.1,82.2,35,6,0,71.2,51.8,6.6,77.9,0,Low,181,1,6,1,0.9750823536834665,97.51,MEDIUM
FDR-119,feeder,Baroda North Substation,Baroda North,22.07669,73.11266,28.1,59.0,stable,3.8,71.2,85.3,194,3,0,95.5,63.7,4.2,66.5,1,Low,20,0,5,0,0.024453411929752564,2.45,LOW
TX-131,transformer,Vadodara Central Substation,Vadodara Central,22.04799,73.42087,37.4,57.8,falling,4.07,65.3,69.8,193,1,0,46.2,80.2,27.6,20.7,0,High,1952,3,2,0,0.0255028246031827,2.55,LOW
FDR-120,feeder,Anand Substation,Anand,22.58203,72.93222,38.4,56.4,rising,4.42,75.7,84.6,286,3,0,66.1,68.2,5.8,6.7,0,Medium,1213,0,6,1,0.9939022940121208,99.39,CRITICAL
CAP-108,capacitor_bank,Bharuch Substation,Bharuch,22.12167,72.96393,15.4,57.4,stable,3.38,73.6,59.9,183,6,0,64.3,56.7,9.7,40.3,0,Low,536,0,4,1,0.9460418590262596,94.6,MEDIUM
TX-132,transformer,Bharuch Substation,Bharuch,21.94429,73.16081,5.5,45.3,stable,2.35,81.1,45.3,55,2,0,54.4,11.2,6.5,41.9,0,Low,824,0,2,0,0.0006649879477704891,0.07,LOW
FDR-121,feeder,Baroda North Substation,Baroda North,22.57811,73.07487,28.1,57.0,rising,4.01,71.9,80.9,181,6,0,23.9,64.7,5.0,15.5,0,Medium,1134,0,4,0,0.1359327146795425,13.59,MEDIUM
FDR-122,feeder,Karjan Substation,Karjan,22.36106,73.32914,17.1,65.0,rising,4.48,59.1,79.4,207,3,0,0.0,63.4,0.0,101.6,0,Medium,1585,1,3,0,0.35898147231677496,35.9,MEDIUM
TX-133,transformer,Karjan Substation,Karjan,21.97416,72.95916,31.4,60.9,stable,3.84,70.6,54.9,299,7,0,59.1,41.7,29.4,136.5,0,Low,675,0,4,1,0.9872178153059022,98.72,HIGH
BRK-107,breaker,Padra Substation,Padra,21.94702,72.92681,35.0,63.8,stable,4.16,62.7,71.4,230,5,1,40.4,63.2,24.7,17.1,1,Medium,1366,0,3,1,0.9683853160827509,96.84,MEDIUM
TX-134,transformer,Bharuch Substation,Bharuch,22.30414,73.3797,11.7,56.4,rising,3.27,69.4,41.9,134,5,0,67.2,75.4,20.5,55.2,0,Medium,1743,1,1,0,0.00514808505326496,0.51,LOW
FDR-123,feeder,Godhra Substation,Godhra,22.3175,73.24488,29.1,58.3,stable,3.71,75.4,59.5,150,6,0,11.5,50.3,15.2,51.7,0,Low,530,0,4,0,0.03287145830979306,3.29,LOW
FDR-124,feeder,Padra Substation,Padra,22.05739,73.0732,14.8,57.5,rising,3.46,78.0,68.1,188,7,0,35.2,48.8,8.5,61.7,1,Low,57,0,3,0,0.005022566024073109,0.5,LOW
FDR-125,feeder,Halol Substation,Halol,22.04691,73.34257,37.2,65.4,stable,5.19,66.1,93.8,267,7,2,66.8,38.1,54.5,9.2,2,Low,500,1,2,1,0.9267702537091703,92.68,MEDIUM
CAP-109,capacitor_bank,Karjan Substation,Karjan,22.391,72.97961,10.1,55.1,rising,3.66,74.8,66.9,260,4,1,56.2,77.5,16.6,114.2,1,High,2705,4,2,1,0.9711592912535267,97.12,MEDIUM
TX-135,transformer,Godhra Substation,Godhra,22.49507,73.37741,12.8,57.6,stable,3.26,72.5,53.0,92,4,0,86.9,67.7,15.3,100.4,0,Medium,1309,0,3,0,0.016266903211202558,1.63,LOW
RCL-109,recloser,Godhra Substation,Godhra,21.96534,73.11626,6.7,57.3,stable,3.18,80.9,82.7,94,5,1,35.9,64.1,27.2,76.9,1,High,2181,2,3,1,0.0035492157015200305,0.35,LOW
BRK-108,breaker,Baroda South Substation,Baroda South,22.51669,72.98228,19.9,49.0,rising,2.98,82.9,66.3,165,5,0,39.0,76.6,31.6,26.3,0,Low,25,0,3,0,0.002125499262772371,0.21,LOW
BRK-109,breaker,Baroda South Substation,Baroda South,22.28738,73.26,27.9,63.0,rising,5.1,61.4,79.4,334,2,2,48.8,59.9,22.0,35.9,2,Medium,976,1,2,1,0.9022403617800747,90.22,MEDIUM
BRK-110,breaker,Anand Substation,Anand,22.02094,73.18261,23.4,66.6,rising,5.27,61.3,98.2,273,6,1,58.7,14.3,13.1,121.3,2,High,2132,1,6,0,0.03687472843566895,3.69,LOW
TX-136,transformer,Karjan Substation,Karjan,22.20624,73.47206,28.7,55.1,stable,3.3,79.6,65.7,138,4,0,56.3,62.9,35.4,6.1,0,High,2121,2,6,1,0.009097470659372945,0.91,LOW
TX-137,transformer,Vadodara Central Substation,Vadodara Central,21.94471,73.32739,30.0,56.8,rising,3.92,67.8,71.5,199,1,0,37.2,37.7,30.0,79.8,1,High,1793,1,5,0,0.014030443351664548,1.4,LOW
TX-138,transformer,Halol Substation,Halol,22.12395,73.3956,40.3,67.7,rising,5.08,50.7,75.2,237,5,3,49.6,71.5,40.9,101.5,3,Medium,1439,1,6,1,0.996258148865513,99.63,CRITICAL
TX-139,transformer,Anand Substation,Anand,21.91674,73.22493,13.4,57.9,rising,3.11,78.7,65.8,159,4,0,65.7,40.3,11.6,43.3,0,Medium,1071,1,4,0,0.009608393425143719,0.96,LOW
BRK-111,breaker,Anand Substation,Anand,21.9436,73.29747,24.3,56.7,stable,4.51,64.9,107.8,263,8,0,20.6,50.6,8.8,54.6,1,Low,376,0,5,1,0.9794288920492363,97.94,MEDIUM
TX-140,transformer,Bharuch Substation,Bharuch,22.37403,73.0561,14.8,55.4,rising,3.78,77.5,71.3,120,7,0,60.3,49.3,4.9,55.0,0,Medium,1973,2,1,0,0.007130338956273696,0.71,LOW
TX-141,transformer,Vadodara Central Substation,Vadodara Central,21.98577,73.46537,6.3,53.6,stable,3.54,77.3,70.0,215,5,0,37.0,60.1,16.0,63.2,0,High,2195,3,3,0,0.0011503266560130092,0.12,LOW
RCL-110,recloser,Vadodara Central Substation,Vadodara Central,22.44734,73.11547,9.2,47.8,falling,2.63,83.9,79.6,140,3,0,50.3,53.5,23.3,62.7,0,Medium,1991,1,4,0,0.0018579471885674782,0.19,LOW
FDR-126,feeder,Karjan Substation,Karjan,22.14836,73.40353,10.6,59.9,stable,4.07,79.2,102.9,240,10,0,39.9,48.5,11.4,71.6,1,High,1485,2,4,0,0.01965487901514935,1.97,LOW
TX-142,transformer,Karjan Substation,Karjan,21.94169,72.98863,32.0,68.2,stable,5.78,58.1,95.8,378,6,0,40.8,60.0,18.8,34.4,0,Low,849,2,3,1,0.9880788894720981,98.81,HIGH
TX-143,transformer,Baroda North Substation,Baroda North,22.56409,73.13496,7.0,58.9,falling,4.43,61.2,79.8,61,7,1,36.1,57.5,11.1,21.6,1,Medium,1184,2,6,0,0.006034008063847983,0.6,LOW
RCL-111,recloser,Anand Substation,Anand,21.9009,73.13156,29.1,52.9,stable,3.31,73.2,65.5,189,1,0,0.9,43.3,3.8,37.3,0,Medium,1345,0,6,0,0.008068102394272,0.81,LOW
RCL-112,recloser,Vadodara Central Substation,Vadodara Central,22.52526,73.3227,22.1,60.5,stable,3.35,79.0,66.2,146,4,1,57.2,63.2,20.7,0.0,1,High,2600,3,5,0,0.015219513567025776,1.52,LOW
BRK-112,breaker,Karjan Substation,Karjan,22.2315,72.96931,32.8,60.3,rising,3.48,73.1,67.9,229,5,0,31.0,43.7,21.7,15.1,0,Low,20,0,1,0,0.009035820724303412,0.9,LOW
FDR-127,feeder,Nadiad Substation,Nadiad,22.38095,73.46182,17.3,53.1,rising,2.82,73.4,57.7,160,5,0,9.0,44.6,28.4,85.9,0,High,2114,2,5,0,0.006091646405812149,0.61,LOW
TX-144,transformer,Nadiad Substation,Nadiad,22.53992,72.94021,40.6,61.4,stable,3.94,65.7,65.6,169,10,0,35.8,66.0,25.5,77.3,0,Medium,1272,1,6,1,0.9879879079399322,98.8,HIGH
FDR-128,feeder,Bharuch Substation,Bharuch,22.5227,73.0989,26.6,68.3,rising,5.04,67.3,90.4,294,7,0,15.3,44.0,7.2,18.8,0,Medium,1336,0,4,1,0.9943808454737715,99.44,CRITICAL
BRK-113,breaker,Nadiad Substation,Nadiad,22.18237,73.36831,39.2,57.4,falling,3.58,67.4,49.9,238,3,0,31.3,66.1,3.3,44.2,0,Medium,597,1,5,0,0.03989264323100912,3.99,LOW
FDR-129,feeder,Baroda South Substation,Baroda South,21.93476,73.41229,32.0,56.4,stable,3.26,64.8,52.4,181,2,0,60.0,68.7,8.3,27.7,0,Medium,1469,0,4,0,0.013539666039450544,1.35,LOW
TX-145,transformer,Godhra Substation,Godhra,22.26445,73.27416,1.9,57.1,stable,3.76,79.7,93.4,167,6,0,40.0,41.6,42.6,17.1,0,Low,112,0,6,0,0.009621516356819657,0.96,LOW
TX-146,transformer,Bharuch Substation,Bharuch,22.59823,73.05566,22.2,58.7,rising,4.02,76.5,66.3,240,3,0,30.9,55.3,21.4,79.8,0,Low,20,0,4,0,0.21424713914298404,21.42,MEDIUM
FDR-130,feeder,Anand Substation,Anand,21.96251,73.11317,32.4,61.4,stable,3.46,66.3,42.4,217,6,0,67.0,50.4,28.9,36.8,0,High,1638,4,6,0,0.008211938705788395,0.82,LOW
TX-147,transformer,Bharuch Substation,Bharuch,22.02625,72.94849,3.4,52.1,stable,2.41,78.6,54.5,86,4,0,15.3,60.9,13.9,72.0,0,High,2184,2,6,0,0.001071960679323073,0.11,LOW
RCL-113,recloser,Bharuch Substation,Bharuch,22.51389,73.08726,22.5,60.0,rising,3.44,80.4,56.4,125,4,0,44.2,53.2,19.2,11.0,0,Medium,1895,0,6,1,0.0164252694809826,1.64,LOW
FDR-131,feeder,Nadiad Substation,Nadiad,22.39778,73.37528,33.0,59.7,rising,4.19,77.6,100.0,61,3,1,51.0,68.3,13.0,47.6,1,Medium,1858,0,3,1,0.6491595352670612,64.92,MEDIUM
FDR-132,feeder,Padra Substation,Padra,22.03982,73.0578,6.4,55.8,stable,3.46,71.9,74.2,268,6,0,54.8,50.2,8.1,73.7,0,Low,150,0,5,0,0.0037818667785425885,0.38,LOW
TX-148,transformer,Vadodara Central Substation,Vadodara Central,22.5119,73.41135,42.1,60.9,rising,4.31,68.2,59.9,97,5,0,49.4,53.9,13.4,39.1,0,Low,653,0,2,1,0.9788820868651904,97.89,MEDIUM
BRK-114,breaker,Vadodara Central Substation,Vadodara Central,21.9726,73.44674,20.3,66.0,falling,4.77,59.2,92.7,293,5,1,39.8,70.9,3.5,2.9,2,Medium,797,3,2,1,0.988200143238419,98.82,HIGH
FDR-133,feeder,Halol Substation,Halol,22.38177,73.27094,31.1,60.9,falling,3.78,70.9,87.8,283,6,0,45.1,48.6,3.6,45.0,0,High,1743,1,5,1,0.9782170205674058,97.82,MEDIUM
BRK-115,breaker,Halol Substation,Halol,22.21367,73.41395,25.6,62.0,rising,3.87,78.2,65.0,156,5,0,34.8,57.3,44.5,63.6,0,Low,477,0,5,0,0.020290488283371797,2.03,LOW
TX-149,transformer,Halol Substation,Halol,22.05522,73.10481,35.8,64.7,stable,4.4,66.9,83.3,154,2,0,73.3,62.5,10.5,45.2,0,Low,20,0,6,0,0.0685757441887753,6.86,LOW
RCL-114,recloser,Nadiad Substation,Nadiad,22.36092,73.47371,22.7,64.6,stable,3.98,59.7,64.4,236,5,0,31.1,60.0,26.5,40.5,0,Medium,1192,2,4,1,0.9767635638673616,97.68,MEDIUM
FDR-134,feeder,Padra Substation,Padra,21.99673,73.26151,41.7,69.5,falling,5.15,50.5,73.2,214,2,1,21.7,66.5,10.9,0.0,1,Low,59,0,2,1,0.994993279798641,99.5,CRITICAL
FDR-135,feeder,Padra Substation,Padra,22.46581,73.21364,13.8,61.6,stable,4.92,64.5,90.0,207,3,0,26.1,44.7,27.2,0.0,0,Medium,1077,1,4,1,0.9795679553678248,97.96,MEDIUM
TX-150,transformer,Anand Substation,Anand,22.17129,73.47402,12.0,56.4,stable,2.75,85.1,60.6,248,8,0,62.9,71.3,5.6,16.1,0,Medium,1203,0,4,0,0.005968357201100046,0.6,LOW
TX-151,transformer,Padra Substation,Padra,22.28962,72.97804,38.9,58.9,rising,3.63,71.8,57.7,122,4,0,28.0,60.7,28.2,53.7,0,Medium,1285,1,3,0,0.024819477907017853,2.48,LOW
TX-152,transformer,Bharuch Substation,Bharuch,22.13232,73.11648,27.3,66.5,stable,4.85,62.7,79.4,185,7,1,57.2,72.5,14.8,44.7,1,Low,199,0,6,1,0.9779461292909101,97.79,MEDIUM
BRK-116,breaker,Padra Substation,Padra,21.9307,73.43897,6.0,50.0,rising,2.36,77.0,47.6,29,6,0,24.8,63.7,23.0,38.7,0,Medium,1222,0,4,0,0.0009165497333870754,0.09,LOW
FDR-136,feeder,Baroda North Substation,Baroda North,22.29066,73.24498,3.9,50.3,stable,2.34,88.8,71.2,70,4,0,0.0,33.5,0.0,39.6,0,Low,197,0,3,0,0.001078148913787956,0.11,LOW
TX-153,transformer,Vadodara Central Substation,Vadodara Central,21.99547,73.1346,6.2,49.6,stable,3.09,85.9,84.4,189,3,0,57.1,47.0,5.4,24.3,0,High,2984,2,2,0,0.0036979766373285224,0.37,LOW
FDR-137,feeder,Baroda South Substation,Baroda South,22.02695,73.3798,1.5,52.0,rising,2.61,89.0,77.9,138,6,0,43.7,53.4,11.2,96.7,0,Low,20,0,1,0,0.0009171995010714385,0.09,LOW
CAP-110,capacitor_bank,Padra Substation,Padra,22.11925,73.3714,5.3,55.4,stable,3.14,73.9,63.1,178,2,0,9.4,35.2,22.2,24.1,0,Low,835,0,1,0,0.0015080269791097386,0.15,LOW
FDR-138,feeder,Nadiad Substation,Nadiad,22.28612,73.22608,14.4,58.9,rising,3.73,66.1,51.6,114,3,1,37.0,60.3,19.8,81.4,2,Medium,1348,0,1,0,0.007821103272725869,0.78,LOW
FDR-139,feeder,Baroda South Substation,Baroda South,21.92829,73.35688,13.8,52.4,stable,2.9,87.4,54.2,187,6,0,12.4,38.8,17.0,76.7,0,High,2969,2,3,0,0.005226683122791441,0.52,LOW
TX-154,transformer,Godhra Substation,Godhra,22.47207,73.10702,3.0,51.1,stable,2.36,96.4,57.5,36,5,0,61.0,46.9,10.2,2.1,0,Low,20,1,3,0,0.0008011104984478491,0.08,LOW
CAP-111,capacitor_bank,Anand Substation,Anand,22.25885,73.43448,29.3,60.4,rising,3.95,60.4,60.3,288,5,0,13.0,44.8,18.9,75.1,1,Low,962,0,6,1,0.9809202420916499,98.09,HIGH
TX-155,transformer,Baroda South Substation,Baroda South,22.16982,72.96514,37.1,63.8,rising,3.86,64.4,60.3,156,3,0,47.4,57.3,4.1,18.8,0,High,2185,1,4,1,0.9823914451643088,98.24,HIGH
CAP-112,capacitor_bank,Padra Substation,Padra,22.45269,73.12874,40.7,65.8,falling,4.15,63.2,54.7,213,6,0,29.2,75.9,12.3,6.8,0,Medium,1452,0,4,1,0.9910267515778386,99.1,HIGH
BRK-117,breaker,Karjan Substation,Karjan,22.29527,73.26713,38.8,57.5,falling,3.91,75.2,63.6,212,3,0,36.4,42.1,5.4,26.6,0,Medium,1603,1,4,0,0.46362583386652273,46.36,MEDIUM
FDR-140,feeder,Godhra Substation,Godhra,22.17237,73.28153,25.4,56.2,rising,3.72,78.1,58.9,261,3,0,12.7,52.2,12.4,47.8,0,Medium,1645,0,2,0,0.09426970829437004,9.43,MEDIUM
CAP-113,capacitor_bank,Halol Substation,Halol,22.35851,73.48539,28.0,55.8,stable,3.22,79.1,43.9,82,3,0,44.6,59.1,10.3,86.3,0,Low,499,0,2,1,0.9050042626378647,90.5,MEDIUM
TX-156,transformer,Vadodara Central Substation,Vadodara Central,22.46206,73.47403,33.4,56.2,rising,4.11,67.5,65.6,304,6,0,37.6,66.8,39.7,15.7,0,Low,276,0,1,0,0.017261187046658497,1.73,LOW
CAP-114,capacitor_bank,Karjan Substation,Karjan,21.96511,73.30422,11.7,51.6,stable,3.05,81.3,55.0,29,5,0,58.0,59.3,33.3,51.2,0,Medium,956,0,3,0,0.0018170947766138863,0.18,LOW
TX-157,transformer,Baroda South Substation,Baroda South,22.50814,73.19448,39.4,62.8,rising,4.5,54.2,74.4,317,6,1,29.2,35.7,6.9,30.1,1,Medium,1273,0,5,0,0.9912890256597727,99.13,HIGH
RCL-115,recloser,Nadiad Substation,Nadiad,22.22994,73.26785,19.6,62.5,rising,3.8,70.4,56.3,287,6,0,57.6,77.4,18.8,28.3,0,High,2310,2,3,1,0.9861744235613025,98.62,HIGH
FDR-141,feeder,Godhra Substation,Godhra,22.40439,73.3712,20.8,58.0,falling,3.64,78.5,60.3,77,1,0,26.9,62.6,2.4,35.2,0,Low,408,1,5,0,0.008949391463693505,0.89,LOW
FDR-142,feeder,Karjan Substation,Karjan,22.21285,72.94704,5.2,52.4,rising,2.7,83.2,54.1,187,3,0,47.1,39.5,9.9,14.4,0,Low,48,0,6,0,0.0008131541577590601,0.08,LOW
FDR-143,feeder,Baroda South Substation,Baroda South,22.55831,73.32042,40.9,65.0,rising,5.17,56.7,69.9,337,0,2,70.5,78.1,11.8,2.0,3,High,2149,2,3,1,0.9976178595819472,99.76,CRITICAL
TX-158,transformer,Baroda North Substation,Baroda North,22.58249,73.22435,34.9,58.2,falling,3.66,79.6,82.5,233,3,0,49.8,47.7,19.8,18.9,1,Low,364,1,4,1,0.972051072134949,97.21,MEDIUM
FDR-144,feeder,Padra Substation,Padra,22.10973,73.35952,25.8,55.8,stable,3.34,81.8,63.5,217,3,0,46.3,54.9,18.1,67.1,0,Medium,677,3,4,0,0.007575777415396061,0.76,LOW
FDR-145,feeder,Anand Substation,Anand,22.34582,73.27064,12.0,54.4,stable,2.77,83.9,69.5,107,1,0,34.5,50.9,10.5,14.3,0,Low,53,0,1,0,0.001457600692814733,0.15,LOW
FDR-146,feeder,Godhra Substation,Godhra,22.47208,73.39695,1.4,49.1,rising,3.14,82.3,67.8,204,3,0,60.5,76.9,26.0,56.7,0,Medium,1518,1,3,0,0.0008041928006700795,0.08,LOW
BRK-118,breaker,Godhra Substation,Godhra,22.06518,73.1605,9.8,56.4,rising,3.09,86.1,62.6,122,6,0,34.5,54.4,5.4,68.9,0,Low,678,1,1,1,0.8752193511208048,87.52,MEDIUM
BRK-119,breaker,Karjan Substation,Karjan,22.41323,72.91281,27.2,54.0,rising,3.42,84.6,70.1,183,7,0,38.8,40.7,5.7,44.7,0,High,2024,2,4,0,0.012123237392023926,1.21,LOW
BRK-120,breaker,Nadiad Substation,Nadiad,22.06715,73.3326,9.2,51.0,stable,3.1,83.5,61.6,253,6,0,43.0,53.8,27.5,89.9,0,Low,402,1,5,0,0.001293703553028585,0.13,LOW
FDR-147,feeder,Vadodara Central Substation,Vadodara Central,22.32417,72.94252,13.5,50.7,stable,2.73,91.0,79.0,185,5,0,42.3,56.4,20.4,18.2,0,Medium,1030,0,2,0,0.0030089692462539216,0.3,LOW
TX-159,transformer,Halol Substation,Halol,22.42444,73.14911,40.2,66.6,stable,4.8,66.1,89.1,255,4,0,36.2,48.1,17.4,44.1,0,Medium,1642,0,5,1,0.9960269748657536,99.6,CRITICAL
FDR-148,feeder,Bharuch Substation,Bharuch,22.5483,73.05245,35.9,65.0,stable,4.57,68.3,65.9,168,6,3,28.9,63.7,9.5,0.0,3,Low,20,0,5,0,0.018262337249919023,1.83,LOW
FDR-149,feeder,Vadodara Central Substation,Vadodara Central,22.54252,73.34056,10.5,55.6,stable,4.15,74.4,89.6,137,2,0,29.0,46.5,19.4,33.1,0,Low,1131,0,5,0,0.012980397786156716,1.3,LOW
BRK-121,breaker,Baroda South Substation,Baroda South,22.11335,72.92471,5.2,52.5,rising,3.02,90.8,68.8,80,3,0,73.2,61.9,15.8,47.4,0,High,1623,1,1,0,0.0016169040637268113,0.16,LOW
TX-160,transformer,Padra Substation,Padra,22.35657,73.01766,43.7,67.7,stable,5.11,53.9,85.5,271,3,2,63.3,43.8,15.7,10.0,2,Medium,1522,0,4,1,0.9976744091272164,99.77,CRITICAL
BRK-122,breaker,Godhra Substation,Godhra,22.49693,72.96742,26.3,54.0,stable,3.41,76.8,63.5,205,5,0,28.1,66.8,1.8,13.0,0,Low,136,0,6,1,0.9197595454030667,91.98,MEDIUM
RCL-116,recloser,Baroda South Substation,Baroda South,22.33258,72.93185,5.9,63.9,rising,4.47,62.3,77.6,300,4,2,66.2,69.7,30.0,86.0,2,Low,453,0,6,0,0.01612477733541536,1.61,LOW
TX-161,transformer,Vadodara Central Substation,Vadodara Central,22.14275,73.11115,39.9,67.9,falling,5.18,53.9,58.2,255,3,0,40.3,73.8,15.3,37.7,0,Low,303,0,1,1,0.9922561539425159,99.23,HIGH
TX-162,transformer,Padra Substation,Padra,22.27956,73.02405,45.0,68.1,falling,4.6,60.4,81.8,213,6,0,67.8,41.7,0.0,25.9,0,Low,64,0,4,1,0.9968436005572124,99.68,CRITICAL
FDR-150,feeder,Godhra Substation,Godhra,22.09166,73.36746,43.9,67.4,falling,5.59,58.9,87.1,244,5,2,57.7,51.3,1.1,66.4,2,Low,152,1,6,1,0.9968176220068001,99.68,CRITICAL
TX-163,transformer,Karjan Substation,Karjan,22.59177,73.35467,11.2,51.2,rising,3.52,77.3,68.4,129,4,0,29.0,46.1,19.0,45.3,0,High,2554,2,6,0,0.0024001686876182825,0.24,LOW
RCL-117,recloser,Halol Substation,Halol,22.17118,73.3591,2.8,53.5,stable,2.88,85.1,58.4,213,1,0,31.4,38.7,16.6,44.8,0,Medium,1208,0,5,0,0.0012035254479876968,0.12,LOW
TX-164,transformer,Halol Substation,Halol,22.51778,72.95411,19.6,55.3,rising,3.31,78.1,60.1,153,5,0,29.4,76.4,12.1,63.9,0,Low,671,0,2,0,0.018564031024600684,1.86,LOW
FDR-151,feeder,Baroda South Substation,Baroda South,22.02649,73.43913,17.9,55.6,stable,3.15,85.1,77.0,130,7,0,25.0,72.8,34.3,63.9,0,Low,898,0,6,0,0.0028866572869760427,0.29,LOW
TX-165,transformer,Nadiad Substation,Nadiad,22.48661,73.07906,27.8,54.2,rising,3.05,80.7,59.5,100,9,0,40.7,35.8,4.6,45.9,1,Low,615,0,5,0,0.007585185598363961,0.76,LOW
TX-166,transformer,Vadodara Central Substation,Vadodara Central,22.32844,72.96558,25.7,59.9,stable,3.58,73.0,65.9,182,8,0,17.5,58.0,14.9,22.4,0,Low,432,0,2,0,0.02399468866322001,2.4,LOW
FDR-152,feeder,Baroda North Substation,Baroda North,22.41623,73.0244,13.6,53.0,stable,2.22,76.9,26.5,109,3,0,28.8,45.6,18.3,0.0,0,Low,51,1,1,0,0.001665437129557003,0.17,LOW
FDR-153,feeder,Anand Substation,Anand,22.22243,73.41913,35.8,60.9,stable,4.43,62.6,71.8,220,4,0,15.1,61.1,26.0,12.6,0,Medium,1745,0,6,0,0.03681495529935907,3.68,LOW
FDR-154,feeder,Vadodara Central Substation,Vadodara Central,21.92214,73.14832,1.8,51.4,stable,2.72,79.5,82.6,77,6,0,22.1,46.2,16.7,22.2,0,Medium,1161,0,6,0,0.0010216071808565655,0.1,LOW
TX-167,transformer,Halol Substation,Halol,22.39957,73.21341,9.9,51.9,stable,3.22,75.1,75.1,38,1,0,43.6,43.0,33.1,121.1,0,High,2775,2,4,1,0.9377942711335366,93.78,MEDIUM
RCL-118,recloser,Karjan Substation,Karjan,22.07138,72.94275,29.1,67.2,rising,5.43,55.7,74.1,337,3,0,57.1,73.6,14.7,75.0,0,Low,662,1,5,1,0.9950042164304325,99.5,CRITICAL
TX-168,transformer,Halol Substation,Halol,22.39715,73.17924,40.2,64.0,stable,4.14,59.4,62.2,237,4,0,6.3,77.6,10.1,25.9,0,Medium,1236,1,6,1,0.9959479544310098,99.59,CRITICAL
TX-169,transformer,Karjan Substation,Karjan,22.18057,73.14807,15.5,58.2,rising,3.04,76.9,63.0,165,6,0,26.0,39.1,12.6,0.0,0,Medium,1609,1,4,0,0.005854818928054028,0.59,LOW
FDR-155,feeder,Halol Substation,Halol,22.43994,73.12735,35.5,58.8,stable,3.87,63.7,61.8,180,7,0,30.1,41.0,11.9,0.0,0,High,1979,2,5,1,0.9561300670150351,95.61,MEDIUM
BRK-123,breaker,Baroda North Substation,Baroda North,22.5905,73.14252,36.6,61.5,stable,3.84,69.4,60.8,207,5,0,80.6,61.2,3.5,111.7,0,High,1797,3,5,1,0.9850198849029553,98.5,HIGH
TX-170,transformer,Bharuch Substation,Bharuch,22.40494,73.19202,20.0,65.8,stable,4.62,55.9,71.5,174,4,1,53.3,62.8,10.1,14.9,1,Low,543,1,2,1,0.9800830144528254,98.01,MEDIUM
RCL-119,recloser,Baroda North Substation,Baroda North,22.39342,72.9679,31.6,59.7,stable,3.49,73.8,56.0,188,5,0,60.6,30.7,18.2,33.5,0,Medium,1030,1,4,0,0.018638241433785126,1.86,LOW
BRK-124,breaker,Baroda South Substation,Baroda South,22.19471,73.47635,13.3,55.2,stable,3.27,80.4,60.2,132,3,0,12.8,36.9,11.4,75.6,1,Medium,1053,2,3,0,0.0029541029778888863,0.3,LOW
TX-171,transformer,Anand Substation,Anand,22.15884,73.00524,12.5,69.0,stable,4.74,59.4,60.7,215,6,0,48.8,78.2,26.1,39.4,0,Low,2113,2,5,0,0.01888896979480633,1.89,LOW
TX-172,transformer,Baroda South Substation,Baroda South,22.56378,73.45348,7.4,61.8,rising,3.35,68.0,31.4,189,2,0,51.2,53.6,8.8,3.2,0,Low,20,0,6,0,0.009029796987853554,0.9,LOW
BRK-125,breaker,Vadodara Central Substation,Vadodara Central,22.3744,73.49593,31.0,55.7,falling,3.57,77.0,50.8,78,5,0,27.1,72.8,26.4,0.0,0,Medium,1680,0,3,0,0.007152836942689672,0.72,LOW
TX-173,transformer,Anand Substation,Anand,22.02898,73.07674,13.5,49.0,rising,3.25,89.3,88.3,213,8,0,29.0,76.5,31.5,75.0,0,Medium,1672,3,6,0,0.008011450202186745,0.8,LOW
TX-174,transformer,Halol Substation,Halol,22.40078,72.96197,8.1,48.0,stable,2.41,91.3,56.6,171,5,0,59.2,73.6,12.0,57.7,0,Medium,1666,1,4,0,0.0009301144573243907,0.09,LOW
FDR-156,feeder,Nadiad Substation,Nadiad,22.18043,73.27936,15.5,55.6,rising,3.4,73.8,62.8,72,4,0,3.7,57.2,27.7,17.3,0,Medium,734,1,3,0,0.009401215800086599,0.94,LOW
TX-175,transformer,Padra Substation,Padra,22.27376,73.40055,25.4,68.9,stable,4.42,63.4,70.8,291,0,1,47.2,56.5,20.5,155.9,1,Low,586,0,4,1,0.9816792030106937,98.17,HIGH
RCL-120,recloser,Anand Substation,Anand,22.47452,72.95838,10.3,52.9,stable,3.19,87.4,87.3,93,5,0,45.6,52.1,18.1,80.6,0,Medium,1032,2,3,0,0.004108660676717179,0.41,LOW
CAP-115,capacitor_bank,Baroda North Substation,Baroda North,22.07055,73.24919,19.8,61.6,falling,4.08,72.1,65.4,142,7,0,69.9,56.8,4.6,30.9,0,Low,552,0,4,1,0.9629970609697229,96.3,MEDIUM
BRK-126,breaker,Karjan Substation,Karjan,22.1435,72.90274,32.1,68.5,rising,4.94,50.1,68.8,152,5,1,57.2,55.6,24.2,23.1,1,Medium,859,2,3,1,0.9902279356872621,99.02,HIGH
TX-176,transformer,Padra Substation,Padra,22.5474,73.00553,28.6,62.8,rising,4.98,67.1,79.5,255,3,3,43.8,68.5,21.2,46.7,3,High,2457,1,1,1,0.9857618844868254,98.58,HIGH
FDR-157,feeder,Baroda North Substation,Baroda North,22.40387,73.27921,19.4,54.9,falling,2.85,77.3,66.4,175,4,1,45.4,72.8,23.9,75.3,1,Medium,1425,1,4,0,0.0033592788300683915,0.34,LOW
TX-177,transformer,Baroda South Substation,Baroda South,22.41101,73.34171,21.5,52.5,stable,2.86,85.7,67.7,197,9,0,25.8,44.8,15.6,3.9,0,Low,623,0,1,0,0.0036286904445408,0.36,LOW
TX-178,transformer,Karjan Substation,Karjan,22.35335,72.95444,40.5,58.4,rising,4.15,69.7,89.5,185,1,0,63.5,69.3,24.8,90.7,0,Low,691,0,2,1,0.9956563099836715,99.57,CRITICAL
TX-179,transformer,Halol Substation,Halol,22.33432,73.10142,35.0,75.6,rising,5.76,49.9,82.6,231,4,2,40.9,53.1,20.2,15.2,2,Medium,1424,1,1,1,0.9917334853146064,99.17,HIGH
FDR-158,feeder,Bharuch Substation,Bharuch,22.16097,73.17145,25.6,54.9,stable,3.75,65.8,79.1,348,0,0,47.1,65.0,16.3,39.2,0,Low,149,0,1,0,0.028168272075417805,2.82,LOW
CAP-116,capacitor_bank,Halol Substation,Halol,21.91588,73.14992,28.3,64.4,falling,4.16,72.1,82.5,78,3,1,44.4,46.0,42.3,61.7,1,Medium,1478,1,6,0,0.021906344776387317,2.19,LOW
RCL-121,recloser,Halol Substation,Halol,22.16033,73.07289,3.8,53.0,rising,2.8,83.8,80.0,98,4,0,23.1,45.6,0.0,11.9,0,Medium,1400,1,4,0,0.0017891609948552944,0.18,LOW
TX-180,transformer,Nadiad Substation,Nadiad,22.27355,72.97289,13.6,55.9,falling,2.58,78.7,58.8,57,7,0,42.5,54.4,24.4,31.4,0,Low,364,0,2,0,0.004584916430085316,0.46,LOW
RCL-122,recloser,Baroda South Substation,Baroda South,22.21218,72.95549,29.5,55.2,falling,4.13,77.5,88.2,155,5,1,9.3,51.1,22.1,30.1,1,Low,413,1,2,1,0.9770206505558874,97.7,MEDIUM
FDR-159,feeder,Karjan Substation,Karjan,22.51201,72.95256,4.7,53.9,stable,3.16,84.3,96.0,90,3,0,23.2,47.5,9.3,32.2,0,Low,38,0,4,0,0.004158507070088794,0.42,LOW
FDR-160,feeder,Vadodara Central Substation,Vadodara Central,22.4826,73.07368,7.1,58.4,rising,3.95,80.9,72.7,246,9,0,60.9,68.1,23.4,71.1,0,Medium,1114,1,2,0,0.01584068051051127,1.58,LOW
CAP-117,capacitor_bank,Nadiad Substation,Nadiad,22.4728,73.12392,37.7,64.8,stable,4.82,63.8,84.0,193,4,0,53.6,60.6,17.9,38.7,0,High,1738,1,6,1,0.9898016478406053,98.98,HIGH
TX-181,transformer,Nadiad Substation,Nadiad,22.15377,73.22065,13.0,55.2,falling,3.34,83.4,61.6,206,1,0,36.7,75.8,27.4,0.0,0,Medium,1107,0,6,0,0.002609884287112039,0.26,LOW
TX-182,transformer,Baroda South Substation,Baroda South,22.38374,72.98341,41.1,60.9,rising,4.81,64.1,75.0,264,5,0,21.9,31.1,12.7,69.3,1,High,2455,3,3,1,0.9967075414260379,99.67,CRITICAL
RCL-123,recloser,Padra Substation,Padra,22.11115,72.90616,38.7,61.0,rising,4.34,65.7,77.9,247,4,0,35.2,55.2,15.1,88.4,0,Low,789,0,1,1,0.9908780439381013,99.09,HIGH
TX-183,transformer,Karjan Substation,Karjan,21.96908,73.02841,5.0,54.2,falling,2.75,84.0,75.1,118,5,0,23.0,71.0,25.7,64.4,0,Low,421,1,6,0,0.0009424491137526962,0.09,LOW
BRK-127,breaker,Bharuch Substation,Bharuch,22.58333,73.16637,37.7,67.7,stable,4.49,59.8,61.2,218,2,0,48.2,47.0,24.3,37.5,0,Low,257,0,6,1,0.9859093504099954,98.59,HIGH
TX-184,transformer,Vadodara Central Substation,Vadodara Central,21.98593,73.40287,30.9,53.9,falling,3.38,77.8,62.6,173,5,0,45.6,49.1,15.5,126.2,1,High,1762,1,4,0,0.012879896357572383,1.29,LOW
TX-185,transformer,Karjan Substation,Karjan,22.00692,73.27318,16.7,56.5,falling,3.32,76.8,81.6,157,6,0,55.5,58.4,17.1,35.0,0,Low,20,0,3,1,0.9225979818175466,92.26,MEDIUM
TX-186,transformer,Padra Substation,Padra,22.20148,73.08748,22.6,61.8,rising,4.93,55.4,83.0,165,0,0,61.8,49.2,26.9,31.2,0,High,2222,1,4,1,0.9881762602766353,98.82,HIGH
BRK-128,breaker,Karjan Substation,Karjan,22.1997,73.49517,21.9,61.4,stable,3.9,73.7,58.8,230,1,0,84.9,59.5,18.5,56.8,0,Low,122,0,1,0,0.8314158943586561,83.14,MEDIUM
TX-187,transformer,Godhra Substation,Godhra,22.04414,73.19804,3.9,47.9,stable,2.66,93.1,73.8,128,1,0,19.1,48.3,5.4,74.0,0,Medium,1269,1,6,0,0.0017392587919213447,0.17,LOW
BRK-129,breaker,Baroda South Substation,Baroda South,22.35608,73.08111,38.3,66.8,stable,4.21,69.4,64.3,218,3,2,51.6,79.2,28.5,66.3,3,High,2377,1,1,1,0.986438149581662,98.64,HIGH
FDR-161,feeder,Padra Substation,Padra,22.15499,72.98865,30.5,60.5,falling,3.67,69.1,60.8,145,2,1,9.9,52.6,32.2,64.8,1,High,1561,2,2,1,0.9351737837718141,93.52,MEDIUM
BRK-130,breaker,Nadiad Substation,Nadiad,22.36107,73.00559,12.7,57.5,rising,3.67,65.1,66.7,150,8,0,47.3,10.0,20.8,0.0,0,Low,757,1,3,0,0.01658455206690104,1.66,LOW
RCL-124,recloser,Halol Substation,Halol,22.41607,73.3835,30.6,59.3,stable,3.49,76.9,80.4,72,4,0,39.8,32.3,9.6,0.0,1,Medium,1235,1,5,0,0.008437473800609581,0.84,LOW
RCL-125,recloser,Godhra Substation,Godhra,22.54222,73.30296,22.6,54.6,falling,3.41,84.2,62.5,223,8,0,7.2,49.0,0.0,130.5,0,High,2320,0,6,0,0.013749275730385733,1.37,LOW
FDR-162,feeder,Bharuch Substation,Bharuch,22.18907,73.4047,43.3,68.6,falling,4.73,57.2,65.6,367,5,1,34.5,43.8,34.7,2.0,1,Low,20,0,6,1,0.9923858442044462,99.24,HIGH
CAP-118,capacitor_bank,Baroda North Substation,Baroda North,22.49287,73.31145,27.5,66.4,stable,4.22,64.9,70.8,229,1,0,17.3,37.9,26.2,34.3,1,Medium,1433,2,2,0,0.0215154075939817,2.15,LOW
TX-188,transformer,Halol Substation,Halol,21.96234,73.12075,4.7,49.0,stable,2.4,78.7,47.3,205,8,0,40.8,55.9,22.3,13.5,0,Low,463,0,2,0,0.001096724376096776,0.11,LOW
TX-189,transformer,Padra Substation,Padra,22.21568,73.04899,6.2,54.3,rising,3.03,82.0,78.9,64,8,0,67.0,67.2,17.8,23.9,0,Low,73,0,5,0,0.001847258758887785,0.18,LOW
FDR-163,feeder,Baroda North Substation,Baroda North,21.99257,73.43534,32.2,60.4,rising,3.74,67.6,73.1,198,10,1,3.9,74.8,15.2,39.9,1,Medium,1193,0,3,1,0.9066840634179518,90.67,MEDIUM
TX-190,transformer,Baroda South Substation,Baroda South,22.28897,73.45371,7.2,51.4,rising,3.67,82.8,83.6,244,6,1,31.8,35.7,7.0,37.4,1,Low,702,1,2,0,0.0036033513723230373,0.36,LOW
FDR-164,feeder,Godhra Substation,Godhra,22.30997,73.25013,32.1,60.9,falling,4.14,70.3,74.8,199,2,0,44.2,60.2,14.2,98.6,0,Low,790,0,6,0,0.07155260127225838,7.16,LOW
FDR-165,feeder,Karjan Substation,Karjan,22.56563,73.09495,5.1,49.3,rising,2.71,92.1,70.1,127,6,0,48.4,32.2,21.9,0.0,0,Medium,1362,0,5,0,0.0008474084014321562,0.08,LOW
BRK-131,breaker,Karjan Substation,Karjan,22.46445,73.08606,36.1,59.8,stable,3.48,68.8,64.9,165,5,0,20.5,58.9,27.6,0.0,0,Low,690,0,6,0,0.025822171930331102,2.58,LOW
TX-191,transformer,Baroda North Substation,Baroda North,21.95543,73.38093,22.0,63.0,stable,4.41,64.0,73.4,105,3,0,45.1,44.6,19.6,32.1,0,Medium,1112,0,4,1,0.9707062782955868,97.07,MEDIUM
RCL-126,recloser,Nadiad Substation,Nadiad,22.11976,73.33446,4.4,55.0,rising,3.82,72.7,65.0,199,4,0,56.2,47.6,17.9,28.4,0,Low,212,1,3,0,0.0053012508633235545,0.53,LOW
FDR-166,feeder,Nadiad Substation,Nadiad,22.37257,73.38278,4.4,53.3,rising,2.13,85.8,57.2,64,8,0,39.3,36.8,26.2,38.0,0,High,1637,1,6,0,0.0008919191360705681,0.09,LOW
TX-192,transformer,Godhra Substation,Godhra,21.97186,73.40858,28.5,58.9,rising,3.44,67.4,64.1,236,5,0,49.9,71.5,15.5,69.6,0,Medium,941,1,1,0,0.019800032798394714,1.98,LOW
FDR-167,feeder,Halol Substation,Halol,22.20536,72.9968,22.4,60.3,stable,4.03,68.4,57.2,141,4,0,17.7,52.8,21.3,68.4,0,Medium,1073,1,6,0,0.32622119955619916,32.62,MEDIUM
FDR-168,feeder,Halol Substation,Halol,22.45544,73.46583,29.9,54.5,rising,3.72,76.5,61.6,31,4,0,4.8,66.7,6.4,28.2,0,Low,970,0,1,0,0.009800088091336558,0.98,LOW
TX-193,transformer,Padra Substation,Padra,22.58226,73.36899,28.2,56.5,rising,3.82,62.9,69.8,248,5,0,30.2,48.4,6.8,13.4,0,Low,20,0,1,0,0.2046908346690361,20.47,MEDIUM
CAP-119,capacitor_bank,Baroda North Substation,Baroda North,22.40064,73.14901,7.9,47.0,stable,1.88,91.1,43.2,112,5,0,46.0,40.6,21.9,43.1,0,Low,139,0,3,0,0.0020251347333638705,0.2,LOW
TX-194,transformer,Padra Substation,Padra,21.94047,73.27896,19.0,54.2,falling,3.0,73.0,70.0,103,8,1,41.4,66.2,22.4,60.8,2,Medium,1276,0,5,0,0.00496533915693774,0.5,LOW
BRK-132,breaker,Padra Substation,Padra,22.41804,72.9756,37.4,72.7,stable,5.51,59.2,84.9,313,1,1,26.0,39.6,33.1,4.1,1,Low,20,0,6,0,0.03262416678056743,3.26,LOW
TX-195,transformer,Baroda North Substation,Baroda North,22.58807,73.38323,2.0,55.9,stable,2.84,80.5,64.3,258,2,0,37.2,53.9,29.9,81.9,0,Low,812,0,3,0,0.002798297631914191,0.28,LOW
FDR-169,feeder,Padra Substation,Padra,22.26326,73.13687,7.2,49.0,stable,2.58,90.9,75.0,169,4,0,40.3,49.4,20.3,23.5,0,Low,483,0,5,0,0.001180651095402091,0.12,LOW
FDR-170,feeder,Vadodara Central Substation,Vadodara Central,22.11228,73.19156,21.1,60.5,stable,3.24,67.4,50.2,157,6,1,61.4,76.5,31.3,65.9,1,Medium,1514,1,3,0,0.01763786874336521,1.76,LOW
TX-196,transformer,Karjan Substation,Karjan,22.50644,73.09513,9.1,56.2,rising,2.85,78.9,62.3,149,4,0,59.4,34.6,31.2,49.4,0,Medium,1138,1,2,0,0.0015344992031552792,0.15,LOW
BRK-133,breaker,Vadodara Central Substation,Vadodara Central,22.5278,72.97217,30.5,59.9,rising,3.84,70.8,77.1,218,4,0,24.5,51.1,14.7,82.0,0,High,2078,0,5,0,0.03929144383309049,3.93,LOW
TX-197,transformer,Anand Substation,Anand,22.11476,73.14437,26.5,52.4,stable,3.29,83.5,60.8,239,4,0,50.3,40.5,16.3,122.2,0,Low,929,0,2,1,0.05890902753547728,5.89,LOW
FDR-171,feeder,Bharuch Substation,Bharuch,22.08841,73.47808,7.3,54.2,rising,2.84,80.4,88.4,87,4,0,29.2,18.4,17.3,36.3,0,Low,704,1,1,0,0.0030955343191175623,0.31,LOW
TX-198,transformer,Padra Substation,Padra,22.31851,73.40369,38.2,64.1,stable,4.5,58.2,83.0,284,9,0,28.2,81.5,22.8,87.3,0,Low,282,2,3,1,0.9968225004835218,99.68,CRITICAL
FDR-172,feeder,Godhra Substation,Godhra,22.04744,73.4754,25.8,63.5,rising,4.8,57.1,79.1,256,1,3,55.0,45.6,31.8,25.0,3,Medium,1527,1,3,1,0.9940444482726751,99.4,CRITICAL
RCL-127,recloser,Baroda South Substation,Baroda South,21.98733,73.12229,40.4,64.0,stable,4.1,58.4,51.9,189,8,0,49.8,48.4,9.8,65.2,0,Low,20,0,1,1,0.9384744318332919,93.85,MEDIUM
TX-199,transformer,Anand Substation,Anand,22.29599,73.30943,36.9,65.2,stable,4.94,54.8,79.7,391,1,0,44.6,98.2,19.3,29.1,0,Medium,1170,1,6,1,0.9980194716149591,99.8,CRITICAL
TX-200,transformer,Baroda South Substation,Baroda South,22.51866,73.03473,2.0,62.8,stable,3.88,63.0,56.4,130,2,0,54.2,63.0,11.0,60.0,0,Medium,1003,0,1,0,0.10688152193694786,10.69,MEDIUM
FDR-173,feeder,Halol Substation,Halol,22.48276,73.39298,36.5,65.4,rising,4.28,61.9,60.6,67,4,0,48.4,70.7,19.9,101.8,0,High,2294,2,3,1,0.8111249928756268,81.11,MEDIUM
TX-201,transformer,Baroda North Substation,Baroda North,22.06318,73.25975,26.5,57.4,rising,4.45,61.1,81.4,213,7,0,74.0,48.3,31.3,88.2,0,Low,611,0,4,0,0.01780168536415499,1.78,LOW
TX-202,transformer,Vadodara Central Substation,Vadodara Central,21.94234,73.087,29.6,60.6,rising,3.41,62.8,54.3,182,4,0,15.0,61.4,15.1,7.3,0,Medium,1281,1,1,0,0.02166597822374183,2.17,LOW
RCL-128,recloser,Bharuch Substation,Bharuch,22.31983,73.09869,14.6,51.3,stable,3.3,75.0,81.3,147,1,1,36.5,46.3,21.1,63.5,1,Low,1128,0,4,0,0.0074916896535706925,0.75,LOW
RCL-129,recloser,Karjan Substation,Karjan,22.1034,73.01664,41.1,64.8,falling,4.46,56.5,62.3,160,0,2,47.6,60.1,8.9,0.0,3,Low,783,0,2,1,0.9704623130626223,97.05,MEDIUM
BRK-134,breaker,Anand Substation,Anand,22.51716,73.42703,38.3,60.1,rising,4.11,70.9,76.4,254,6,1,64.5,49.6,23.8,7.6,1,Low,491,0,5,1,0.9933169485037407,99.33,HIGH
TX-203,transformer,Baroda South Substation,Baroda South,22.17168,73.42945,11.8,49.4,stable,3.28,78.5,71.3,216,8,1,50.1,78.5,0.0,58.1,1,Medium,1142,0,5,0,0.0019683777293159985,0.2,LOW
FDR-174,feeder,Padra Substation,Padra,22.10653,73.21129,32.5,61.5,rising,3.92,59.3,49.8,286,4,1,55.3,44.8,23.2,74.9,1,Low,106,0,1,1,0.9855786755682627,98.56,HIGH
TX-204,transformer,Padra Substation,Padra,22.07502,73.34713,36.4,62.4,rising,4.67,60.5,77.2,264,7,0,62.1,38.7,4.2,54.3,1,Low,329,0,3,1,0.9899249989884195,98.99,HIGH
CAP-120,capacitor_bank,Godhra Substation,Godhra,22.40576,73.17684,1.4,50.5,falling,2.87,84.1,67.6,81,4,0,19.3,55.6,12.3,19.9,0,Medium,1450,0,4,0,0.001198342942570407,0.12,LOW
TX-205,transformer,Godhra Substation,Godhra,22.29773,73.37949,38.5,68.4,rising,5.94,48.4,86.6,247,2,0,30.9,32.6,25.5,44.3,0,Medium,1471,2,2,1,0.9944806948033011,99.45,CRITICAL
FDR-175,feeder,Vadodara Central Substation,Vadodara Central,22.12874,73.44589,26.1,59.8,falling,4.11,61.5,75.5,213,3,0,20.0,89.9,28.9,34.6,0,Low,649,1,2,1,0.22706758653053688,22.71,MEDIUM
RCL-130,recloser,Baroda South Substation,Baroda South,22.51547,73.17612,39.1,64.9,rising,4.81,57.5,59.1,292,6,1,34.9,50.2,10.6,59.4,2,Low,409,0,5,1,0.9939070900274134,99.39,CRITICAL
BRK-135,breaker,Nadiad Substation,Nadiad,22.54141,73.31883,35.9,63.9,stable,4.58,62.9,81.4,181,2,1,51.7,52.9,13.8,36.7,1,Low,300,0,6,1,0.9854039598275852,98.54,HIGH
TX-206,transformer,Halol Substation,Halol,22.42407,73.19086,34.2,63.8,stable,4.24,55.6,67.3,243,7,0,47.8,41.6,20.2,21.4,1,Low,536,0,6,1,0.987931966018763,98.79,HIGH
FDR-176,feeder,Godhra Substation,Godhra,22.34871,73.32985,8.1,58.9,stable,3.65,70.5,70.7,197,4,0,37.2,46.3,20.3,23.6,0,Low,20,1,5,0,0.0024721981241532724,0.25,LOW
FDR-177,feeder,Nadiad Substation,Nadiad,22.29344,73.01373,9.9,56.3,falling,3.48,64.4,70.2,195,6,0,13.4,61.5,16.8,66.4,0,Low,20,0,3,0,0.012496971714360086,1.25,LOW
FDR-178,feeder,Vadodara Central Substation,Vadodara Central,22.31991,73.48885,18.7,52.2,stable,3.23,82.6,61.9,157,4,0,44.2,48.5,30.8,56.1,0,High,2182,2,1,0,0.004515285935743102,0.45,LOW
BRK-136,breaker,Baroda South Substation,Baroda South,22.16302,73.28522,15.7,53.5,stable,2.61,83.4,52.7,202,6,0,37.2,65.3,12.8,35.5,0,Low,20,0,2,0,0.003012312091257859,0.3,LOW
BRK-137,breaker,Halol Substation,Halol,22.34085,72.93877,34.5,66.4,falling,4.49,64.1,69.3,202,3,1,57.1,73.5,9.8,40.6,1,Medium,1833,0,4,1,0.9839014348631029,98.39,HIGH
RCL-131,recloser,Anand Substation,Anand,22.1644,73.18243,27.1,65.8,falling,4.57,60.8,73.4,243,4,0,28.0,55.1,26.2,0.0,0,Medium,1458,3,4,1,0.9596879949790216,95.97,MEDIUM
FDR-179,feeder,Vadodara Central Substation,Vadodara Central,22.18319,73.14949,34.4,69.1,stable,4.81,58.9,85.9,317,2,1,49.5,62.3,20.4,20.1,1,Low,438,0,4,1,0.9953481874845534,99.53,CRITICAL
BRK-138,breaker,Vadodara Central Substation,Vadodara Central,22.34167,73.30586,2.7,54.6,stable,2.62,80.4,57.2,118,8,0,21.1,32.1,19.1,23.2,0,Medium,820,1,3,0,0.0007103751143391884,0.07,LOW
FDR-180,feeder,Nadiad Substation,Nadiad,22.11559,73.14697,26.4,64.6,rising,4.63,61.8,77.0,238,2,0,0.0,80.9,7.0,58.6,0,Medium,1618,0,5,0,0.05578248011139821,5.58,LOW
BRK-139,breaker,Baroda North Substation,Baroda North,22.21546,73.38862,12.8,48.1,stable,2.45,85.5,63.5,122,8,0,57.1,44.3,22.1,20.2,0,Low,491,0,1,0,0.0019063219590721014,0.19,LOW
TX-207,transformer,Baroda South Substation,Baroda South,22.55249,73.18394,4.5,51.7,rising,3.18,77.5,69.9,167,5,0,36.6,76.3,13.9,42.5,0,Medium,1200,0,3,0,0.00115537568053462,0.12,LOW
FDR-181,feeder,Bharuch Substation,Bharuch,22.36121,73.18512,16.9,58.8,stable,4.48,62.0,94.5,175,6,0,26.5,58.0,17.0,70.8,0,Medium,1600,1,6,1,0.9517599563912121,95.18,MEDIUM
TX-208,transformer,Bharuch Substation,Bharuch,22.25325,72.97672,15.3,51.3,stable,2.39,82.3,51.4,186,9,1,18.6,75.3,1.0,37.1,1,Low,109,0,6,0,0.007220049725835998,0.72,LOW
TX-209,transformer,Padra Substation,Padra,21.96331,73.31507,11.7,58.3,falling,4.4,60.1,69.7,177,6,0,34.2,50.5,33.6,0.0,0,Medium,556,2,4,0,0.004388412267434797,0.44,LOW
RCL-132,recloser,Karjan Substation,Karjan,21.94332,73.22136,32.9,57.3,stable,3.47,72.2,80.5,155,4,0,49.1,46.9,14.5,82.7,0,Low,237,0,3,0,0.019188700262011266,1.92,LOW
RCL-133,recloser,Bharuch Substation,Bharuch,22.30178,73.27865,5.7,51.1,falling,3.04,73.4,58.2,262,4,0,29.1,54.5,0.0,44.3,0,Medium,1218,0,6,0,0.003931647214819894,0.39,LOW
TX-210,transformer,Vadodara Central Substation,Vadodara Central,22.26949,73.06982,38.3,63.0,rising,4.06,75.8,68.0,58,4,0,24.5,62.5,14.9,74.6,0,Medium,1347,0,1,0,0.024373339123160944,2.44,LOW
TX-211,transformer,Padra Substation,Padra,22.37561,73.00093,36.4,62.8,stable,3.67,72.3,63.8,206,4,0,52.3,54.8,1.7,96.2,0,Medium,1332,1,4,1,0.9836520854997993,98.37,HIGH
FDR-182,feeder,Halol Substation,Halol,22.34899,73.44509,2.5,49.9,stable,2.79,81.1,53.6,1,4,0,4.7,60.2,0.0,23.5,0,Low,172,0,4,0,0.0013194842311511966,0.13,LOW
FDR-183,feeder,Karjan Substation,Karjan,21.98686,73.35179,17.9,64.0,stable,3.85,72.8,68.8,226,6,0,22.5,50.4,8.5,65.2,0,Low,20,0,6,0,0.010561442566252572,1.06,LOW
CAP-121,capacitor_bank,Baroda South Substation,Baroda South,22.30395,73.31706,26.3,67.0,rising,4.53,53.4,74.0,338,2,0,93.6,76.8,15.9,40.1,0,High,2307,1,2,1,0.9916357652050954,99.16,HIGH
RCL-134,recloser,Bharuch Substation,Bharuch,22.00027,73.02226,3.0,48.2,rising,2.72,84.1,70.1,106,4,0,29.2,38.3,23.9,36.6,0,Medium,1805,2,6,0,0.000919258810052975,0.09,LOW
TX-212,transformer,Godhra Substation,Godhra,22.16401,73.48126,8.2,57.6,rising,3.62,73.7,69.9,104,4,0,63.7,43.8,22.9,105.0,0,Low,806,0,1,0,0.004791637772612755,0.48,LOW
TX-213,transformer,Baroda North Substation,Baroda North,22.38066,73.32793,22.5,55.9,stable,3.61,83.0,77.7,109,7,0,82.1,41.1,31.6,82.2,0,High,2113,1,1,0,0.004665586090513926,0.47,LOW
TX-214,transformer,Karjan Substation,Karjan,22.06803,72.95618,27.8,62.5,rising,4.43,64.2,92.7,193,0,1,62.7,60.0,10.1,93.3,1,Low,20,0,6,1,0.9824004095326048,98.24,HIGH
TX-215,transformer,Nadiad Substation,Nadiad,22.37885,72.92541,19.7,55.2,stable,3.4,83.8,52.9,171,4,0,20.0,76.0,9.2,27.8,0,Low,20,0,5,0,0.006392117822681063,0.64,LOW
TX-216,transformer,Padra Substation,Padra,22.55479,73.4355,22.8,55.0,falling,3.71,79.0,59.5,257,5,0,27.5,54.9,18.7,16.2,0,High,1943,3,1,0,0.01469848937070697,1.47,LOW
TX-217,transformer,Anand Substation,Anand,22.59256,73.29377,40.2,63.2,rising,4.7,59.7,86.0,279,4,1,52.3,67.3,30.1,45.3,1,Low,747,0,1,1,0.9979276260458053,99.79,CRITICAL
TX-218,transformer,Vadodara Central Substation,Vadodara Central,22.49014,73.13331,13.5,46.6,stable,2.61,94.4,61.7,135,11,0,22.6,37.5,18.8,32.4,0,Medium,1133,0,6,0,0.0018752116774655924,0.19,LOW
TX-219,transformer,Anand Substation,Anand,22.39452,73.38597,3.3,56.1,stable,3.04,77.1,64.8,145,7,0,49.1,53.7,11.6,36.6,0,Medium,1469,0,4,0,0.001871512507017455,0.19,LOW
FDR-184,feeder,Baroda South Substation,Baroda South,22.09639,73.11061,6.3,48.8,rising,2.29,82.3,65.7,154,6,0,22.2,42.1,0.0,46.5,0,Low,763,0,3,0,0.0019545212284439446,0.2,LOW
TX-220,transformer,Anand Substation,Anand,22.52104,72.97829,27.7,62.4,rising,4.0,67.0,62.0,221,3,0,11.4,37.5,32.0,37.9,0,Low,20,0,1,0,0.1231182941050838,12.31,MEDIUM
TX-221,transformer,Karjan Substation,Karjan,22.01685,73.06449,34.5,62.7,rising,4.58,71.4,81.1,259,4,0,3.8,46.8,25.8,28.0,0,Medium,1172,0,1,0,0.7258563026754269,72.59,MEDIUM
TX-222,transformer,Karjan Substation,Karjan,22.11239,73.0322,22.8,54.8,stable,3.41,79.6,78.3,187,3,0,56.5,74.5,18.3,36.1,0,Medium,1274,0,3,0,0.00807839079141379,0.81,LOW
FDR-185,feeder,Baroda South Substation,Baroda South,22.12724,72.93436,42.5,60.8,rising,4.68,72.7,75.3,201,4,0,52.2,28.0,0.0,1.8,0,Low,1155,1,3,1,0.9515227454569988,95.15,MEDIUM
CAP-122,capacitor_bank,Godhra Substation,Godhra,22.4084,73.12118,29.9,67.8,falling,4.53,68.0,57.6,184,4,1,71.5,59.4,28.4,29.4,1,High,2411,1,6,0,0.022304010292492307,2.23,LOW
TX-223,transformer,Baroda South Substation,Baroda South,21.9145,73.39594,42.5,63.6,rising,4.9,61.7,65.9,357,4,1,54.4,34.3,22.0,0.0,2,Medium,1623,1,4,1,0.9588685354796443,95.89,MEDIUM
FDR-186,feeder,Anand Substation,Anand,22.47745,72.96169,27.4,59.2,rising,3.8,80.3,72.4,102,5,0,45.7,76.5,6.5,25.9,0,Medium,1673,0,1,1,0.2416909023114574,24.17,MEDIUM
FDR-187,feeder,Vadodara Central Substation,Vadodara Central,22.00577,73.15718,7.5,55.4,rising,3.54,84.4,75.1,115,6,0,46.9,85.1,32.9,9.8,0,High,2578,4,5,0,0.0028895295611001113,0.29,LOW
TX-224,transformer,Vadodara Central Substation,Vadodara Central,22.19922,73.33602,16.3,50.3,falling,3.05,83.8,51.4,32,5,1,39.2,68.0,29.7,25.1,1,Medium,1614,0,5,0,0.00234773434487422,0.23,LOW
TX-225,transformer,Baroda South Substation,Baroda South,21.96108,73.11703,31.5,57.8,stable,3.71,67.7,58.8,280,2,0,52.3,27.7,14.2,5.4,0,Medium,1606,0,6,1,0.9661953902982225,96.62,MEDIUM
CAP-123,capacitor_bank,Bharuch Substation,Bharuch,22.30712,73.1861,39.1,67.3,rising,5.15,67.8,88.6,323,4,0,80.9,79.9,37.5,30.3,1,High,1873,1,6,1,0.9952679509125734,99.53,CRITICAL
TX-226,transformer,Baroda South Substation,Baroda South,22.37593,73.42559,36.8,62.0,rising,4.77,57.8,73.4,132,2,2,53.1,50.8,10.3,80.3,3,Medium,1899,0,4,1,0.9893454960778404,98.93,HIGH
CAP-124,capacitor_bank,Karjan Substation,Karjan,22.19696,73.06195,43.8,65.3,falling,4.86,56.1,80.2,262,5,1,73.9,70.1,2.6,10.3,1,High,2259,3,6,1,0.9973938805683028,99.74,CRITICAL
FDR-188,feeder,Bharuch Substation,Bharuch,22.12013,73.13438,27.3,56.5,rising,2.69,75.1,50.5,130,7,0,35.3,56.1,15.0,6.9,1,Low,1170,0,2,0,0.011688399405975802,1.17,LOW
TX-227,transformer,Baroda North Substation,Baroda North,22.32612,73.21397,35.1,56.5,stable,3.4,63.3,47.0,216,4,0,34.2,65.4,15.9,51.3,0,Medium,1817,2,6,0,0.017004885196891254,1.7,LOW
FDR-189,feeder,Baroda South Substation,Baroda South,22.01303,73.06807,40.2,62.4,stable,3.83,63.3,75.1,278,3,0,24.7,73.9,33.8,0.0,0,Low,130,0,3,1,0.9915696857669175,99.16,HIGH
TX-228,transformer,Baroda South Substation,Baroda South,22.33443,73.28632,41.7,68.1,falling,4.32,60.0,62.6,233,2,1,22.7,34.1,16.9,34.3,1,Medium,1434,3,1,1,0.9943455565079696,99.43,CRITICAL
TX-229,transformer,Padra Substation,Padra,22.04884,73.34477,18.6,48.0,stable,2.7,86.2,59.4,142,7,0,24.6,51.2,0.0,92.9,0,Low,119,0,4,0,0.004817238179869423,0.48,LOW
FDR-190,feeder,Padra Substation,Padra,22.26734,73.30179,2.4,48.9,stable,2.44,89.3,72.7,89,9,1,49.7,50.2,10.7,30.4,1,Low,289,0,4,0,0.0011327777036113321,0.11,LOW
CAP-125,capacitor_bank,Baroda North Substation,Baroda North,22.55367,73.19967,35.5,63.0,stable,4.28,71.5,83.5,151,5,0,32.9,47.6,15.4,6.5,0,High,1640,2,4,1,0.9714043842916111,97.14,MEDIUM
BRK-140,breaker,Vadodara Central Substation,Vadodara Central,22.38952,73.28935,29.1,57.0,rising,3.59,80.0,67.9,132,3,0,31.6,63.2,32.1,72.3,0,Low,306,0,1,0,0.009420227844308054,0.94,LOW
FDR-191,feeder,Bharuch Substation,Bharuch,22.30686,72.91958,13.5,57.6,stable,3.55,82.1,55.7,101,5,0,44.8,57.3,19.0,54.9,0,Medium,1232,0,5,0,0.008359958715175362,0.84,LOW
FDR-192,feeder,Godhra Substation,Godhra,21.92287,72.91575,42.8,70.1,stable,5.27,54.4,53.3,307,0,2,75.1,43.2,17.6,23.7,2,High,1948,2,4,1,0.9907100909006437,99.07,HIGH
CAP-126,capacitor_bank,Padra Substation,Padra,22.30385,73.13521,44.7,68.3,falling,5.72,56.3,84.2,352,2,1,40.9,64.2,17.1,74.8,1,Low,160,0,6,1,0.9976765375605112,99.77,CRITICAL
RCL-135,recloser,Padra Substation,Padra,22.36148,73.06498,7.7,56.8,stable,3.36,80.1,83.1,154,7,0,36.7,63.5,31.4,44.1,0,Medium,1526,1,3,0,0.0060301108049954635,0.6,LOW
FDR-193,feeder,Karjan Substation,Karjan,21.98204,73.10569,38.2,64.2,rising,4.32,67.6,88.6,266,3,0,32.0,71.4,8.9,20.2,0,High,2263,1,1,1,0.9936374134108966,99.36,HIGH
RCL-136,recloser,Karjan Substation,Karjan,22.46631,73.16164,9.5,49.2,rising,3.13,75.2,58.8,144,5,0,55.8,50.0,0.0,35.6,0,Low,798,0,6,0,0.001184211092954131,0.12,LOW
RCL-137,recloser,Nadiad Substation,Nadiad,22.07714,73.14588,34.7,57.6,stable,4.29,69.6,83.4,170,4,0,4.3,42.6,11.4,9.1,0,Low,261,0,5,0,0.03128410914469481,3.13,LOW
CAP-127,capacitor_bank,Padra Substation,Padra,22.40139,73.46776,35.8,61.7,rising,4.45,58.4,66.3,169,4,0,45.3,28.9,21.8,76.2,0,Medium,1032,0,3,0,0.7464816975184343,74.65,MEDIUM
BRK-141,breaker,Karjan Substation,Karjan,21.92738,73.28687,36.3,66.7,falling,4.65,55.0,70.1,259,2,0,61.9,36.7,2.5,116.9,0,High,2141,0,5,1,0.9841863620581768,98.42,HIGH
TX-230,transformer,Vadodara Central Substation,Vadodara Central,21.96161,73.33446,25.5,58.2,stable,3.71,75.3,56.0,252,5,0,39.2,52.3,16.4,44.8,1,Low,414,0,2,0,0.028841835472913916,2.88,LOW
CAP-128,capacitor_bank,Padra Substation,Padra,22.43634,73.32683,8.5,47.7,stable,3.08,91.6,80.7,214,7,0,33.0,68.2,26.5,0.0,0,Low,157,0,3,0,0.0012930376927625332,0.13,LOW
CAP-129,capacitor_bank,Godhra Substation,Godhra,22.1699,73.17146,43.8,65.2,rising,5.08,48.1,81.6,367,4,1,71.0,71.0,4.9,25.4,2,Medium,1656,1,3,1,0.9955545647365047,99.56,CRITICAL
TX-231,transformer,Vadodara Central Substation,Vadodara Central,22.20894,73.12187,39.3,63.2,rising,4.33,72.1,86.3,141,4,0,46.7,43.7,20.3,53.1,0,Low,334,0,1,1,0.9862193212823076,98.62,HIGH
FDR-194,feeder,Vadodara Central Substation,Vadodara Central,22.08779,73.02342,27.7,58.5,rising,3.66,65.9,78.2,199,6,0,24.7,43.2,16.4,80.2,0,Low,34,0,6,0,0.015535060245555104,1.55,LOW
TX-232,transformer,Nadiad Substation,Nadiad,22.30821,73.19298,33.5,63.2,stable,3.97,65.9,79.7,279,0,0,55.8,52.2,18.9,111.3,0,Medium,1184,2,4,1,0.9862941825244317,98.63,HIGH
TX-233,transformer,Anand Substation,Anand,22.38005,73.33693,8.4,52.4,rising,3.2,81.2,60.7,255,6,0,38.4,53.4,19.2,6.9,0,Medium,5377,4,5,0,0.005207790786958685,0.52,LOW
RCL-138,recloser,Godhra Substation,Godhra,22.56169,73.06575,33.6,67.0,rising,4.71,66.0,72.7,180,8,0,34.0,68.2,11.5,81.4,0,Medium,1189,1,4,1,0.9678766432470953,96.79,MEDIUM
FDR-195,feeder,Bharuch Substation,Bharuch,22.36218,72.90039,5.8,50.4,falling,3.38,75.6,77.6,229,4,0,34.7,66.5,21.3,16.5,0,Low,470,0,3,0,0.0026483516783467574,0.26,LOW
FDR-196,feeder,Nadiad Substation,Nadiad,22.07501,73.14979,20.0,67.3,rising,4.8,65.4,100.9,253,2,1,56.4,81.4,4.0,22.3,1,High,2076,2,2,1,0.9906867407903003,99.07,HIGH
TX-234,transformer,Nadiad Substation,Nadiad,22.30623,73.12387,39.5,63.2,rising,4.62,66.3,63.6,242,2,0,47.2,52.0,19.3,0.0,0,Medium,981,0,2,1,0.9938132302905868,99.38,HIGH
CAP-130,capacitor_bank,Nadiad Substation,Nadiad,22.00091,73.34425,21.4,56.4,stable,3.1,86.8,69.3,135,7,0,55.7,33.9,11.9,51.7,0,Medium,1165,0,5,0,0.004778194087343099,0.48,LOW
TX-235,transformer,Baroda South Substation,Baroda South,22.33201,73.15941,6.0,47.1,stable,2.63,84.2,68.3,152,6,0,18.8,66.0,25.1,104.5,0,Medium,1229,1,6,0,0.0011360951411406406,0.11,LOW
TX-236,transformer,Godhra Substation,Godhra,22.53568,73.11284,13.8,53.4,falling,2.55,86.1,47.2,144,7,0,51.0,71.3,19.9,35.2,0,Medium,1279,2,1,0,0.0016356654399856223,0.16,LOW
CAP-131,capacitor_bank,Halol Substation,Halol,22.32409,73.00822,23.1,55.6,stable,3.58,72.4,65.1,187,4,0,22.2,57.8,10.1,42.4,0,High,1903,1,4,0,0.055660641888601634,5.57,LOW
FDR-197,feeder,Padra Substation,Padra,22.54566,72.93716,26.7,59.4,rising,3.66,77.6,87.5,191,1,0,40.1,58.0,35.1,94.1,0,High,1890,2,4,1,0.9868849302762255,98.69,HIGH
TX-237,transformer,Baroda North Substation,Baroda North,22.46701,73.43597,8.7,49.3,stable,3.14,77.4,76.8,206,2,0,39.9,54.2,7.3,0.0,0,Low,289,0,1,0,0.0015307551140539785,0.15,LOW
FDR-198,feeder,Padra Substation,Padra,22.05681,73.46437,9.4,52.1,falling,3.28,84.5,55.5,156,5,0,18.7,68.7,8.8,69.5,0,Medium,1602,2,1,0,0.0014849345448724465,0.15,LOW
TX-238,transformer,Bharuch Substation,Bharuch,22.53862,72.9374,42.0,59.6,stable,3.96,69.5,87.8,226,6,0,33.5,48.9,24.6,9.8,0,Medium,1813,0,6,1,0.9910436697177251,99.1,HIGH
CAP-132,capacitor_bank,Karjan Substation,Karjan,22.23752,73.13227,42.7,67.6,rising,5.6,52.0,91.4,280,2,3,82.2,60.0,18.5,49.4,3,High,1567,1,5,1,0.997910709956342,99.79,CRITICAL
TX-239,transformer,Vadodara Central Substation,Vadodara Central,21.9306,73.1098,40.8,66.3,rising,4.91,48.6,83.8,228,1,2,62.0,50.5,17.3,62.7,2,Low,20,1,3,1,0.9938304916344087,99.38,CRITICAL
TX-240,transformer,Nadiad Substation,Nadiad,22.39385,73.27312,4.4,51.9,rising,2.52,94.9,56.3,8,4,0,42.4,26.3,11.6,42.7,0,Medium,2039,1,4,0,0.0009398107351094785,0.09,LOW
TX-241,transformer,Baroda South Substation,Baroda South,22.16926,72.92665,6.4,61.0,stable,3.97,74.9,78.7,201,5,0,39.9,52.5,31.2,11.8,1,High,3061,2,4,0,0.010687396857625441,1.07,LOW
TX-242,transformer,Vadodara Central Substation,Vadodara Central,22.10119,73.49453,42.2,73.5,stable,5.09,55.8,66.4,366,3,2,50.4,33.3,4.1,56.4,2,High,1412,0,6,1,0.9946975141379623,99.47,CRITICAL
FDR-199,feeder,Karjan Substation,Karjan,22.57612,73.18812,44.9,69.2,rising,4.78,53.6,72.7,239,4,2,73.5,67.8,18.7,4.6,2,Low,20,0,1,1,0.99570882247133,99.57,CRITICAL
TX-243,transformer,Anand Substation,Anand,22.59438,73.48517,42.9,61.9,rising,4.34,60.9,74.5,168,6,0,78.4,57.4,32.5,56.7,0,Low,781,0,6,1,0.9845010179958164,98.45,HIGH
CAP-133,capacitor_bank,Bharuch Substation,Bharuch,22.01222,72.92677,23.3,57.4,rising,4.33,71.3,75.5,275,6,0,50.8,75.3,20.1,0.0,0,Low,1131,0,1,0,0.03303763888675753,3.3,LOW
RCL-139,recloser,Anand Substation,Anand,22.49332,73.21665,33.6,60.5,stable,3.95,74.8,80.3,162,6,0,68.1,91.4,11.0,85.1,0,Medium,1278,0,1,1,0.9831815712366683,98.32,HIGH
FDR-200,feeder,Padra Substation,Padra,22.29854,73.39607,41.1,64.9,stable,4.88,66.2,83.8,235,3,3,23.8,49.8,20.2,27.0,3,Medium,1248,1,2,1,0.9956518208169184,99.57,CRITICAL
FDR-201,feeder,Vadodara Central Substation,Vadodara Central,22.38303,73.49396,16.0,54.2,stable,3.5,80.1,61.9,176,5,0,52.2,62.8,27.0,45.4,0,Low,20,1,1,0,0.0020111436100781277,0.2,LOW
CAP-134,capacitor_bank,Vadodara Central Substation,Vadodara Central,21.95865,73.43736,40.5,64.8,stable,3.51,70.4,43.3,79,3,0,59.4,27.9,23.9,30.3,1,Low,786,0,5,0,0.011839046452394872,1.18,LOW
FDR-202,feeder,Halol Substation,Halol,22.51571,73.08862,42.6,59.8,rising,4.53,65.3,64.5,284,5,0,25.2,51.1,23.7,79.9,0,High,2702,2,5,1,0.9953630564291713,99.54,CRITICAL
TX-244,transformer,Nadiad Substation,Nadiad,22.21138,72.97571,34.2,61.0,stable,3.93,77.5,74.2,211,9,1,47.8,29.0,13.6,106.1,2,Low,427,1,6,1,0.9688870207778654,96.89,MEDIUM
RCL-140,recloser,Baroda North Substation,Baroda North,22.12227,73.40486,44.7,67.7,rising,4.94,62.9,72.0,258,3,0,65.0,42.7,9.2,49.3,0,High,1659,0,5,1,0.995974365906505,99.6,CRITICAL
CAP-135,capacitor_bank,Anand Substation,Anand,22.23896,73.29416,22.3,54.7,stable,3.53,74.3,80.2,239,4,0,26.5,34.4,18.8,37.6,0,Medium,1204,0,3,1,0.9285448929851918,92.85,MEDIUM
TX-245,transformer,Godhra Substation,Godhra,22.32074,73.31233,27.3,65.5,rising,5.03,64.7,80.4,384,2,0,54.2,46.7,20.8,89.5,0,Low,260,1,4,1,0.9898862501975647,98.99,HIGH
TX-246,transformer,Godhra Substation,Godhra,21.99045,73.22386,12.5,63.6,rising,4.77,56.9,63.0,254,4,2,25.5,49.5,27.6,21.0,2,Medium,1207,2,3,0,0.02017078944762096,2.02,LOW
TX-247,transformer,Vadodara Central Substation,Vadodara Central,22.25105,73.37481,25.3,55.1,stable,2.85,80.4,61.1,183,6,0,27.6,66.4,13.2,52.2,0,Low,955,2,1,1,0.007359833208423335,0.74,LOW
TX-248,transformer,Anand Substation,Anand,22.50151,73.37086,6.4,54.0,stable,2.9,76.9,78.2,210,8,0,52.2,52.8,18.9,63.0,0,Medium,882,1,5,0,0.0013229347225453788,0.13,LOW
BRK-142,breaker,Nadiad Substation,Nadiad,22.21296,73.18608,21.7,55.2,rising,3.77,81.2,83.5,158,3,0,37.0,40.0,18.2,9.3,0,Low,715,0,2,1,0.9221271731982119,92.21,MEDIUM
TX-249,transformer,Baroda South Substation,Baroda South,22.04646,73.23745,39.1,71.0,rising,5.67,53.9,89.1,340,2,2,40.3,54.8,26.6,29.5,2,Medium,1470,1,6,1,0.9934313040083249,99.34,HIGH
FDR-203,feeder,Godhra Substation,Godhra,21.90648,72.97055,44.7,59.8,rising,4.53,58.4,69.3,164,4,0,30.7,59.2,17.5,21.0,0,Medium,1398,1,4,0,0.01771643465641283,1.77,LOW
BRK-143,breaker,Nadiad Substation,Nadiad,22.59532,72.90336,7.2,54.4,rising,2.99,75.1,52.3,93,0,1,49.8,49.5,0.0,68.1,1,Low,720,0,1,0,0.0019033786930855766,0.19,LOW
TX-250,transformer,Baroda North Substation,Baroda North,22.05151,73.007,7.9,57.2,stable,4.06,68.4,72.1,269,6,0,4.4,47.8,31.1,18.0,0,Medium,1453,1,6,0,0.002226383029499476,0.22,LOW
TX-251,transformer,Padra Substation,Padra,22.19778,73.18301,27.1,59.7,stable,4.36,61.4,84.1,143,5,0,0.0,57.8,12.7,76.4,0,High,2813,3,4,1,0.9773158999210173,97.73,MEDIUM
BRK-144,breaker,Godhra Substation,Godhra,22.49876,73.36245,14.7,57.1,stable,4.09,81.7,85.6,97,6,0,12.8,38.8,13.7,52.9,0,Low,20,0,3,0,0.006079121468836016,0.61,LOW
FDR-204,feeder,Karjan Substation,Karjan,22.50423,73.45654,1.5,54.1,stable,3.14,76.5,77.2,160,5,0,84.2,66.8,19.7,29.6,0,Low,413,0,1,0,0.0024665664849524344,0.25,LOW
FDR-205,feeder,Halol Substation,Halol,22.48609,73.40894,5.6,48.2,stable,2.23,93.4,58.7,28,8,0,55.6,32.9,23.5,12.8,0,High,2835,1,3,0,0.002522591705908714,0.25,LOW
BRK-145,breaker,Karjan Substation,Karjan,22.29772,73.31778,19.3,67.9,rising,4.8,54.3,82.5,339,4,1,49.6,49.2,8.5,0.0,1,Low,20,0,4,1,0.819749981373747,81.97,MEDIUM
FDR-206,feeder,Baroda North Substation,Baroda North,22.09096,73.01953,8.5,45.4,stable,2.41,84.5,39.3,151,3,1,0.0,54.6,1.6,27.3,1,Low,717,0,2,0,0.0016523993898078292,0.17,LOW
TX-252,transformer,Halol Substation,Halol,22.25929,73.02643,29.2,57.2,stable,3.88,71.6,70.6,165,3,0,37.1,39.3,33.0,46.8,0,Medium,1071,1,1,1,0.05364448374115521,5.36,LOW
TX-253,transformer,Baroda North Substation,Baroda North,22.21951,73.24558,15.2,56.6,stable,3.33,73.8,76.5,138,6,0,32.9,38.2,36.5,52.7,0,Medium,1604,1,5,0,0.018828244780903322,1.88,LOW
FDR-207,feeder,Godhra Substation,Godhra,21.99092,73.09989,14.2,57.6,falling,3.17,78.6,68.5,24,5,0,0.0,72.7,20.1,104.5,0,High,1857,3,2,0,0.0039055184163751346,0.39,LOW
RCL-141,recloser,Nadiad Substation,Nadiad,22.39436,73.35783,9.8,50.2,rising,3.09,85.2,75.0,254,6,0,59.3,63.8,18.2,75.8,0,Low,659,0,4,0,0.005081584899961585,0.51,LOW
TX-254,transformer,Baroda South Substation,Baroda South,22.04786,73.16124,39.4,64.4,stable,4.62,55.6,63.1,296,5,0,34.7,43.5,27.0,87.3,0,Low,404,0,1,1,0.9956071478017395,99.56,CRITICAL
BRK-146,breaker,Vadodara Central Substation,Vadodara Central,22.18119,73.36282,12.5,54.7,rising,2.33,89.5,52.7,176,3,0,64.3,32.6,28.2,49.8,0,Medium,1455,2,6,0,0.0009761137158708484,0.1,LOW
TX-255,transformer,Baroda North Substation,Baroda North,21.92789,73.42074,21.8,57.9,stable,3.96,71.2,56.2,270,2,0,61.1,36.8,37.9,20.4,0,Medium,1175,0,3,0,0.4629022157028738,46.29,MEDIUM
TX-256,transformer,Karjan Substation,Karjan,22.38229,73.04646,37.0,66.1,rising,4.67,61.6,73.4,247,2,0,33.3,54.2,10.5,53.5,0,Medium,1378,0,4,0,0.06268362415651926,6.27,LOW
CAP-136,capacitor_bank,Padra Substation,Padra,22.08268,73.08192,27.8,63.3,stable,4.51,64.1,83.4,250,3,0,29.2,65.0,33.2,29.8,1,High,1632,3,5,1,0.9854382254758893,98.54,HIGH
CAP-137,capacitor_bank,Godhra Substation,Godhra,22.39842,73.39618,23.1,54.2,stable,3.45,68.4,73.2,225,5,0,11.8,29.2,22.1,29.5,0,Medium,1181,1,6,0,0.008924504706976434,0.89,LOW
FDR-208,feeder,Bharuch Substation,Bharuch,22.21605,73.18043,15.1,58.4,rising,3.55,71.2,76.3,111,3,0,52.6,49.5,16.2,0.0,1,Medium,1385,0,3,1,0.9028088167164627,90.28,MEDIUM
FDR-209,feeder,Karjan Substation,Karjan,22.34119,73.29854,41.5,59.6,stable,4.22,72.8,75.7,193,3,0,37.1,59.2,2.0,10.8,0,Low,608,0,3,0,0.04599030961158998,4.6,LOW
FDR-210,feeder,Bharuch Substation,Bharuch,22.33394,73.49935,34.3,61.9,falling,4.63,55.2,86.8,324,6,0,13.2,52.2,13.8,8.1,0,Low,224,0,5,1,0.9874289569027385,98.74,HIGH
BRK-147,breaker,Anand Substation,Anand,22.22144,73.3102,5.0,49.6,stable,2.91,91.2,77.0,71,6,0,27.8,61.6,13.6,112.9,0,Low,96,0,4,0,0.004713564599296415,0.47,LOW
TX-257,transformer,Baroda South Substation,Baroda South,22.47943,72.93587,8.0,50.0,falling,2.78,91.9,66.8,128,9,0,36.1,44.9,21.9,36.2,0,Medium,1126,0,4,0,0.0011383010911257924,0.11,LOW
CAP-138,capacitor_bank,Anand Substation,Anand,22.42989,73.10547,19.9,52.8,rising,3.54,70.2,66.0,279,6,0,57.7,77.8,8.7,43.9,0,Low,553,0,2,0,0.616310793745199,61.63,MEDIUM
TX-258,transformer,Halol Substation,Halol,22.49564,73.24994,7.5,53.3,rising,3.05,85.0,59.3,202,6,0,63.1,43.3,21.1,37.9,0,Low,20,0,1,0,0.0007288432617495351,0.07,LOW
TX-259,transformer,Bharuch Substation,Bharuch,22.355,73.1139,16.1,55.0,falling,3.83,72.8,64.6,234,6,0,61.8,57.0,17.0,70.3,0,Low,295,0,1,0,0.09330940944827242,9.33,LOW
RCL-142,recloser,Anand Substation,Anand,22.50027,73.037,11.0,54.5,stable,3.39,67.6,64.1,191,2,0,32.0,82.7,0.0,82.5,0,Low,555,0,6,0,0.005364873549083121,0.54,LOW
TX-260,transformer,Karjan Substation,Karjan,22.24106,73.2416,41.4,64.0,rising,3.9,72.2,68.6,240,3,1,43.0,80.1,23.6,75.8,1,Medium,1476,2,5,1,0.9864011344072621,98.64,HIGH
CAP-139,capacitor_bank,Baroda North Substation,Baroda North,22.24131,73.09152,28.9,63.6,falling,4.07,68.7,71.7,269,3,0,62.3,47.8,11.8,8.7,0,Medium,1235,0,2,0,0.08696027714430637,8.7,LOW
FDR-211,feeder,Baroda South Substation,Baroda South,22.49665,73.26607,38.9,58.3,stable,3.74,65.8,73.8,158,4,0,57.2,32.6,20.7,61.6,0,Low,294,0,2,1,0.9753451592664839,97.53,MEDIUM
RCL-143,recloser,Halol Substation,Halol,21.91364,73.3226,42.0,63.6,falling,4.39,60.4,71.2,256,4,0,21.2,42.8,24.4,42.7,0,Low,44,0,3,1,0.9948059530457514,99.48,CRITICAL
BRK-148,breaker,Nadiad Substation,Nadiad,21.97101,73.28378,36.1,62.2,stable,3.95,70.7,70.9,229,7,1,32.3,79.7,12.3,0.0,1,Low,965,1,1,1,0.5935789120803177,59.36,MEDIUM
FDR-212,feeder,Nadiad Substation,Nadiad,22.57004,73.11674,35.1,56.8,rising,3.56,66.9,74.9,220,5,0,66.4,53.8,30.3,38.1,0,Low,471,0,3,0,0.03355496158732342,3.36,LOW
BRK-149,breaker,Godhra Substation,Godhra,22.24441,73.24489,30.8,59.4,rising,3.45,71.7,69.1,168,3,0,54.5,22.4,14.1,33.7,0,Low,395,0,5,0,0.011872203743758592,1.19,LOW
BRK-150,breaker,Karjan Substation,Karjan,22.47415,73.15944,23.6,58.8,stable,2.99,69.3,50.8,185,3,0,6.0,92.1,0.0,58.1,0,Medium,1556,0,6,1,0.9565917781626349,95.66,MEDIUM
FDR-213,feeder,Anand Substation,Anand,22.56826,73.09648,26.7,65.7,stable,4.61,70.0,68.7,189,6,0,23.3,58.2,23.3,34.2,0,High,2350,2,3,1,0.9358982504775397,93.59,MEDIUM
TX-261,transformer,Godhra Substation,Godhra,21.98519,73.35396,2.2,50.3,falling,2.24,97.0,82.5,207,6,0,25.1,45.8,20.5,46.1,0,High,1736,0,5,0,0.0010981325658277542,0.11,LOW
FDR-214,feeder,Karjan Substation,Karjan,22.51316,72.90951,5.0,51.7,stable,2.1,81.7,35.9,129,0,0,62.4,46.7,24.6,117.5,0,Low,737,0,4,0,0.004040968050819048,0.4,LOW
BRK-151,breaker,Bharuch Substation,Bharuch,22.11425,73.27519,21.7,49.4,stable,2.97,83.0,70.7,243,6,0,19.8,46.5,17.3,59.0,0,High,1715,2,2,0,0.006580547807663726,0.66,LOW
TX-262,transformer,Bharuch Substation,Bharuch,22.22864,73.44173,18.9,51.9,stable,2.57,81.2,63.5,101,5,0,58.4,71.4,15.8,0.0,0,High,2580,2,4,0,0.004222985273500456,0.42,LOW
BRK-152,breaker,Bharuch Substation,Bharuch,22.43193,72.97902,6.5,48.4,stable,2.67,92.8,73.4,182,5,0,63.5,54.9,34.2,22.6,0,Medium,1822,0,3,0,0.0013786274731147018,0.14,LOW
BRK-153,breaker,Karjan Substation,Karjan,21.98247,73.06758,28.8,63.3,falling,4.58,63.4,88.4,211,4,0,43.7,61.1,13.0,103.5,0,High,1519,1,4,0,0.054486246607705235,5.45,LOW
RCL-144,recloser,Bharuch Substation,Bharuch,22.02783,73.39202,5.2,52.7,stable,2.51,79.1,61.8,229,4,1,34.7,58.7,13.6,35.8,1,Medium,1123,0,5,0,0.0009654032476693236,0.1,LOW
FDR-215,feeder,Baroda South Substation,Baroda South,22.09489,73.47543,7.7,51.2,stable,2.25,96.4,65.9,59,3,0,32.7,65.8,30.2,0.0,0,Low,20,1,2,0,0.000692761908252249,0.07,LOW
TX-263,transformer,Padra Substation,Padra,21.99831,73.14086,14.7,60.3,stable,3.56,68.9,72.5,169,6,0,9.5,65.7,15.7,51.4,0,Low,20,0,3,0,0.008608350442957846,0.86,LOW
FDR-216,feeder,Baroda South Substation,Baroda South,21.97899,73.17992,29.0,58.4,stable,3.62,71.3,71.7,104,5,0,18.2,72.6,34.9,41.5,0,High,1641,4,3,0,0.03990400171234519,3.99,LOW
CAP-140,capacitor_bank,Halol Substation,Halol,21.90905,73.32786,27.5,67.2,rising,5.27,65.6,87.4,178,1,2,57.7,50.5,33.8,35.7,2,Low,662,1,1,1,0.9170649007073599,91.71,MEDIUM
FDR-217,feeder,Godhra Substation,Godhra,22.4028,72.92392,32.2,66.1,stable,4.87,57.8,64.4,288,2,2,27.9,73.8,14.3,84.0,2,Medium,1700,1,4,1,0.9773128656303279,97.73,MEDIUM
FDR-218,feeder,Halol Substation,Halol,22.12716,73.31946,28.6,59.5,stable,3.55,81.1,84.1,189,8,0,66.4,51.2,0.0,38.6,0,High,2846,2,1,0,0.028819386173194395,2.88,LOW
BRK-154,breaker,Baroda South Substation,Baroda South,22.49918,73.19126,18.7,52.7,stable,3.24,81.5,79.6,55,4,0,0.9,58.3,13.9,31.2,0,Medium,807,1,3,0,0.005578609527567194,0.56,LOW
FDR-219,feeder,Bharuch Substation,Bharuch,22.49151,73.34177,26.6,66.9,stable,4.24,61.4,54.6,185,3,0,30.5,29.9,6.2,17.4,0,Medium,1454,0,1,0,0.020901329435834,2.09,LOW
BRK-155,breaker,Karjan Substation,Karjan,22.30663,73.27635,30.4,64.7,stable,5.0,53.7,92.5,95,3,0,33.0,55.1,20.0,0.0,0,Medium,867,0,5,0,0.11103456072766955,11.1,MEDIUM
RCL-145,recloser,Nadiad Substation,Nadiad,22.05948,73.10901,17.3,59.7,falling,3.71,69.4,63.4,223,8,0,0.0,47.4,16.7,100.9,0,Medium,1227,0,5,0,0.014184417870720103,1.42,LOW
RCL-146,recloser,Godhra Substation,Godhra,22.43506,72.98001,22.9,61.9,falling,4.47,58.0,79.7,282,2,0,75.4,52.7,14.7,31.2,0,Medium,854,0,6,1,0.9921083493710325,99.21,HIGH
BRK-156,breaker,Nadiad Substation,Nadiad,22.48502,72.91769,39.5,68.3,rising,4.28,53.2,56.5,208,1,1,23.4,85.2,36.8,7.5,1,Medium,1018,1,2,0,0.962872777518903,96.29,MEDIUM
BRK-157,breaker,Bharuch Substation,Bharuch,22.51551,72.93654,18.0,51.7,stable,2.8,80.0,72.4,185,4,0,0.0,61.1,27.3,54.9,0,Low,1408,0,1,0,0.0022975092887605394,0.23,LOW
BRK-158,breaker,Baroda North Substation,Baroda North,22.25513,73.38862,17.9,49.6,falling,3.01,75.7,44.1,103,4,0,29.9,37.9,34.8,80.4,0,High,1952,1,2,0,0.007188289636192815,0.72,LOW
FDR-220,feeder,Padra Substation,Padra,22.06762,73.39055,42.1,70.1,stable,5.5,41.7,74.0,272,5,1,69.9,33.9,22.1,70.1,1,Medium,766,1,2,1,0.9950846912896246,99.51,CRITICAL
FDR-221,feeder,Bharuch Substation,Bharuch,21.95767,72.9143,30.0,58.0,stable,3.56,82.8,70.8,146,2,0,27.7,55.9,3.7,36.2,0,Low,584,0,4,1,0.9299497337303925,92.99,MEDIUM
FDR-222,feeder,Karjan Substation,Karjan,22.41698,73.21439,31.1,54.6,stable,4.0,76.4,71.4,208,3,0,35.3,58.4,18.7,73.8,0,Medium,1228,1,4,1,0.03494638609472336,3.49,LOW
FDR-223,feeder,Anand Substation,Anand,22.55819,73.292,1.2,45.9,falling,2.86,95.2,79.0,1,3,0,63.8,62.1,23.8,4.6,0,Medium,669,2,2,0,0.0016530635180979508,0.17,LOW
FDR-224,feeder,Anand Substation,Anand,22.17874,73.22176,36.9,62.9,stable,4.4,63.3,64.4,175,3,0,30.6,79.2,32.3,17.8,0,High,2216,2,6,1,0.9622910359845044,96.23,MEDIUM
FDR-225,feeder,Baroda North Substation,Baroda North,22.40744,72.92625,9.8,61.5,rising,3.81,65.3,65.9,210,7,0,57.4,41.7,21.8,37.2,0,Medium,922,0,2,1,0.97727533520237,97.73,MEDIUM
TX-264,transformer,Nadiad Substation,Nadiad,22.40686,73.09299,13.8,49.4,rising,3.06,87.4,71.7,229,6,0,44.7,47.2,16.1,51.7,0,Low,373,0,2,0,0.0024173018793308687,0.24,LOW
RCL-147,recloser,Godhra Substation,Godhra,22.27552,73.11608,34.5,53.5,stable,3.91,75.3,90.9,190,2,0,60.2,64.3,14.1,13.5,0,Medium,1315,0,4,1,0.9744682653943395,97.45,MEDIUM
FDR-226,feeder,Baroda South Substation,Baroda South,22.04414,73.03018,14.2,48.5,stable,3.45,76.6,82.2,61,4,0,28.3,67.4,10.6,0.0,0,Low,654,0,5,0,0.0038653404113499603,0.39,LOW
TX-265,transformer,Karjan Substation,Karjan,22.17018,73.3002,17.5,51.7,stable,2.81,87.3,51.2,163,9,0,27.5,59.3,26.6,79.6,0,Low,72,0,2,0,0.0028233315801957882,0.28,LOW
BRK-159,breaker,Karjan Substation,Karjan,22.0421,72.99036,7.6,54.7,rising,3.43,77.6,66.5,68,5,0,15.3,61.6,19.0,46.7,0,High,2229,1,3,0,0.0012770647571081282,0.13,LOW
CAP-141,capacitor_bank,Bharuch Substation,Bharuch,21.99492,73.12857,14.3,60.3,rising,3.54,79.5,74.4,157,2,0,54.3,51.2,10.3,55.3,0,High,1983,2,1,0,0.007657880519275199,0.77,LOW
TX-266,transformer,Anand Substation,Anand,22.39799,73.46926,26.2,60.5,rising,3.76,65.1,53.5,208,6,0,51.6,38.9,7.4,54.7,0,High,2115,2,3,1,0.9690358579700226,96.9,MEDIUM
FDR-227,feeder,Halol Substation,Halol,22.51043,73.45593,38.5,55.3,rising,3.28,79.5,42.7,164,6,0,45.2,39.8,21.4,96.4,0,Medium,1446,2,2,1,0.9653750828722512,96.54,MEDIUM
FDR-228,feeder,Nadiad Substation,Nadiad,22.52707,72.9138,30.6,61.6,rising,4.28,67.8,78.4,86,2,0,81.5,38.6,14.3,31.9,0,Low,1169,0,5,1,0.9879660514988519,98.8,HIGH
BRK-160,breaker,Godhra Substation,Godhra,22.0299,73.33095,35.3,61.9,rising,4.39,73.0,91.7,198,6,1,64.3,25.4,23.0,43.7,1,Medium,1138,1,1,1,0.9883490801325123,98.83,HIGH
FDR-229,feeder,Godhra Substation,Godhra,22.03174,73.40917,9.5,54.2,stable,2.53,87.2,46.0,140,2,0,16.2,48.9,17.8,67.0,0,Medium,1255,1,1,0,0.0007296718176171272,0.07,LOW
TX-267,transformer,Vadodara Central Substation,Vadodara Central,22.58402,73.3047,13.6,55.5,stable,3.51,83.6,66.5,95,5,0,73.2,67.7,21.5,34.8,0,Low,20,0,1,0,0.007134207556620725,0.71,LOW
BRK-161,breaker,Bharuch Substation,Bharuch,21.99946,73.35033,16.8,59.4,stable,3.52,78.5,64.2,241,5,0,52.2,28.9,29.1,11.9,0,Low,957,0,2,0,0.005958950209953741,0.6,LOW
TX-268,transformer,Baroda South Substation,Baroda South,22.24114,73.29947,37.0,70.4,rising,4.81,56.6,83.7,234,3,1,57.7,70.4,33.8,57.1,1,Medium,1075,0,2,1,0.9954663132515068,99.55,CRITICAL
TX-269,transformer,Bharuch Substation,Bharuch,22.1919,73.02567,22.7,61.3,stable,4.63,60.2,89.6,199,2,0,24.3,41.5,16.3,2.6,1,Medium,1681,0,3,1,0.6549066891427109,65.49,MEDIUM
TX-270,transformer,Bharuch Substation,Bharuch,21.95692,73.19456,16.0,59.9,stable,4.2,74.6,94.4,89,7,0,23.8,59.4,11.0,0.0,0,High,1914,1,3,0,0.016365226122855493,1.64,LOW
CAP-142,capacitor_bank,Nadiad Substation,Nadiad,21.98425,73.34005,32.3,56.5,stable,3.24,71.0,60.6,187,3,0,22.8,71.6,14.9,11.5,0,High,2867,3,5,0,0.02227936385993154,2.23,LOW
TX-271,transformer,Padra Substation,Padra,22.09933,73.25189,1.5,47.9,rising,2.98,80.1,80.6,137,1,0,46.6,41.6,8.9,0.0,0,Low,71,0,4,0,0.001982133389921541,0.2,LOW
TX-272,transformer,Anand Substation,Anand,21.9643,73.11619,28.7,58.8,stable,3.22,69.9,58.5,281,2,1,30.0,77.4,23.5,48.6,2,Low,493,0,2,1,0.6971248517441765,69.71,MEDIUM
TX-273,transformer,Bharuch Substation,Bharuch,22.56809,72.9826,29.2,62.0,rising,4.5,58.3,82.5,118,5,0,34.4,43.2,7.9,103.7,0,Low,618,0,2,1,0.725407321293105,72.54,MEDIUM
FDR-230,feeder,Vadodara Central Substation,Vadodara Central,22.17189,73.40089,31.7,56.1,rising,3.34,68.8,60.7,144,4,0,14.4,62.2,14.4,50.1,0,Medium,1722,0,5,0,0.006231149198692724,0.62,LOW
TX-274,transformer,Godhra Substation,Godhra,22.35348,73.03789,2.3,53.7,stable,2.62,74.2,53.4,141,6,1,7.3,61.0,30.4,38.9,1,High,1537,2,1,0,0.0010538962157509671,0.11,LOW
CAP-143,capacitor_bank,Godhra Substation,Godhra,22.56275,73.4581,15.7,58.0,stable,3.61,76.8,66.8,117,6,0,29.7,61.2,3.8,53.0,1,Low,346,0,1,0,0.012577063438454432,1.26,LOW
FDR-231,feeder,Karjan Substation,Karjan,22.50885,73.24787,29.8,58.1,rising,3.99,76.7,75.3,217,9,0,36.6,30.8,0.0,59.1,0,Low,20,1,4,0,0.020487280559565394,2.05,LOW
TX-275,transformer,Karjan Substation,Karjan,22.46725,73.4975,30.8,59.3,stable,4.79,65.3,78.9,164,5,0,44.7,52.7,26.0,0.0,1,Low,482,0,4,1,0.9735605829418964,97.36,MEDIUM
FDR-232,feeder,Vadodara Central Substation,Vadodara Central,22.42616,73.19671,33.7,58.5,rising,3.83,66.8,55.9,281,7,0,22.9,45.8,30.9,1.5,0,High,2454,2,6,0,0.027779924490414096,2.78,LOW
FDR-233,feeder,Vadodara Central Substation,Vadodara Central,22.51651,73.4943,29.4,57.1,stable,3.38,80.3,58.2,65,6,0,39.1,38.3,5.8,67.1,0,Medium,932,1,4,0,0.01668527876063226,1.67,LOW
FDR-234,feeder,Karjan Substation,Karjan,22.40134,73.43591,11.0,50.4,stable,2.81,89.4,77.1,181,3,0,54.5,32.9,10.3,0.4,0,Medium,337,1,2,0,0.001400300605392288,0.14,LOW
BRK-162,breaker,Halol Substation,Halol,22.33348,73.45173,24.8,52.4,stable,3.2,71.7,70.6,168,5,0,32.0,70.0,14.8,17.8,0,Low,677,0,4,0,0.003700302246392032,0.37,LOW
FDR-235,feeder,Halol Substation,Halol,22.42434,73.04483,34.1,62.5,stable,3.99,71.7,49.8,135,6,1,40.9,55.4,13.7,39.8,1,High,2353,1,4,0,0.042430096258702865,4.24,LOW
TX-276,transformer,Nadiad Substation,Nadiad,21.92787,73.26067,5.2,54.9,stable,3.06,73.6,64.7,137,5,0,53.2,60.9,6.3,35.7,0,Medium,1036,1,2,0,0.0009178796111137682,0.09,LOW
BRK-163,breaker,Baroda North Substation,Baroda North,22.45604,73.15798,36.5,70.1,stable,4.96,60.5,82.9,256,4,1,32.5,44.9,0.0,55.4,1,High,2314,1,3,1,0.98944744522733,98.94,HIGH
CAP-144,capacitor_bank,Bharuch Substation,Bharuch,22.57961,73.29376,25.5,59.9,rising,3.95,66.7,68.8,346,8,1,20.5,61.5,22.1,0.0,1,High,1978,1,1,0,0.017598420657724313,1.76,LOW
TX-277,transformer,Anand Substation,Anand,22.50108,72.94255,1.5,47.7,stable,3.02,76.5,77.9,192,6,1,30.2,72.3,4.2,54.9,1,Low,768,0,5,0,0.0014303588151112214,0.14,LOW
CAP-145,capacitor_bank,Baroda South Substation,Baroda South,22.52212,73.28762,34.2,64.1,rising,3.94,65.8,73.2,253,6,0,16.7,38.6,0.0,3.0,0,Medium,1602,2,5,0,0.040149793725179884,4.01,LOW
TX-278,transformer,Karjan Substation,Karjan,22.31269,73.23611,19.4,61.9,stable,3.96,63.4,75.2,105,4,1,70.5,39.5,34.0,0.0,1,Medium,817,0,6,0,0.018555271705576276,1.86,LOW
FDR-236,feeder,Karjan Substation,Karjan,22.36138,73.36099,24.4,55.5,rising,3.17,80.1,47.6,57,5,0,84.4,55.6,24.5,62.5,0,Medium,1260,0,6,0,0.0034161453446821866,0.34,LOW
TX-279,transformer,Nadiad Substation,Nadiad,22.32419,73.05152,10.0,50.2,stable,2.75,81.5,78.2,193,3,0,21.0,75.7,6.2,15.3,0,High,2446,1,3,0,0.003997590255322973,0.4,LOW
CAP-146,capacitor_bank,Vadodara Central Substation,Vadodara Central,22.38071,73.02294,26.0,55.8,rising,3.34,72.0,38.9,258,4,0,47.2,37.6,31.8,103.9,0,Medium,1527,0,6,0,0.02366703298646159,2.37,LOW
FDR-237,feeder,Anand Substation,Anand,22.46669,72.97474,11.6,48.1,stable,2.56,81.7,64.1,1,8,0,41.1,73.4,41.0,7.5,1,Low,692,0,3,0,0.0031788665765178194,0.32,LOW
FDR-238,feeder,Godhra Substation,Godhra,22.20566,73.42509,5.7,52.7,rising,2.98,73.7,52.7,120,5,0,44.1,32.0,23.8,3.8,0,Medium,1621,0,4,0,0.0010439131106503483,0.1,LOW
TX-280,transformer,Padra Substation,Padra,22.17221,73.10711,32.0,62.3,stable,3.8,63.7,56.6,281,3,0,50.6,57.4,31.4,32.4,0,Low,414,0,1,1,0.9796524785918501,97.97,MEDIUM
FDR-239,feeder,Halol Substation,Halol,21.99914,73.16154,22.1,53.5,falling,3.49,81.4,58.0,105,6,0,37.3,83.2,29.9,85.1,1,Low,695,0,3,0,0.0026570253706586435,0.27,LOW
TX-281,transformer,Vadodara Central Substation,Vadodara Central,22.28741,73.12136,3.3,53.0,stable,3.06,84.1,92.2,97,9,0,22.8,58.5,11.8,37.0,0,High,2072,2,4,0,0.007190417678099298,0.72,LOW
FDR-240,feeder,Baroda South Substation,Baroda South,22.10104,73.21734,23.2,59.7,rising,4.32,69.6,79.7,230,5,0,20.3,55.2,24.2,60.4,0,Medium,1468,1,1,0,0.021423071809422385,2.14,LOW
BRK-164,breaker,Padra Substation,Padra,21.91671,73.19233,42.5,63.3,stable,4.71,62.0,70.0,131,2,1,56.3,58.4,11.6,12.9,1,Medium,1103,0,3,1,0.9291102178536802,92.91,MEDIUM
TX-282,transformer,Baroda South Substation,Baroda South,22.52093,73.42327,35.9,59.4,rising,4.2,67.2,92.0,123,4,0,22.8,80.9,36.5,40.6,0,Low,596,0,4,1,0.9691121372325487,96.91,MEDIUM
TX-283,transformer,Padra Substation,Padra,22.43094,73.16004,14.7,60.5,rising,4.33,61.4,87.0,259,1,0,39.9,42.2,20.9,15.5,0,Low,189,0,4,0,0.017734950005620496,1.77,LOW
BRK-165,breaker,Padra Substation,Padra,22.19884,73.24091,42.0,70.3,stable,5.15,44.2,60.9,313,4,1,41.8,51.5,19.8,11.7,2,Medium,2119,0,2,0,0.10554262599017662,10.55,MEDIUM
TX-284,transformer,Baroda North Substation,Baroda North,22.31285,73.30956,8.3,59.8,rising,3.52,75.6,59.0,90,3,1,57.0,38.3,12.1,86.9,1,Low,65,0,6,0,0.003402367352221401,0.34,LOW
BRK-166,breaker,Godhra Substation,Godhra,21.95679,72.99747,32.9,60.3,falling,3.78,61.9,64.0,318,5,1,76.4,55.3,39.7,88.4,1,Low,157,0,3,1,0.9853295310412357,98.53,HIGH
RCL-148,recloser,Baroda North Substation,Baroda North,21.97046,72.94939,20.0,64.7,falling,4.54,59.8,68.8,285,8,1,43.1,58.6,28.3,42.4,1,Low,660,0,1,0,0.8061445231906943,80.61,MEDIUM
TX-285,transformer,Vadodara Central Substation,Vadodara Central,22.52794,73.39451,1.1,47.9,rising,2.94,90.9,75.3,123,3,0,57.7,65.5,12.4,84.9,0,Medium,1412,1,2,0,0.0011335889507438999,0.11,LOW
TX-286,transformer,Nadiad Substation,Nadiad,22.45598,73.40827,3.9,52.0,rising,2.34,86.1,52.8,60,5,1,32.9,43.2,4.7,52.2,1,Low,93,0,2,0,0.001451492365695732,0.15,LOW
TX-287,transformer,Halol Substation,Halol,22.15495,73.13448,6.2,49.0,stable,3.1,85.8,67.9,159,2,0,22.8,70.5,28.0,81.5,0,High,2043,2,1,0,0.001131365208835928,0.11,LOW
TX-288,transformer,Nadiad Substation,Nadiad,22.06802,73.26235,35.5,64.1,stable,4.4,69.8,79.5,114,7,1,33.2,67.2,36.5,53.7,2,High,2428,2,2,0,0.027204184988967,2.72,LOW
RCL-149,recloser,Baroda South Substation,Baroda South,22.21847,73.33146,36.2,59.8,rising,3.77,63.3,49.0,214,3,0,67.2,36.6,17.6,125.6,0,Medium,588,0,1,1,0.9849202234662089,98.49,HIGH
FDR-241,feeder,Halol Substation,Halol,22.05526,73.3929,35.8,57.4,falling,4.09,69.0,93.0,122,3,0,64.9,48.2,31.8,64.5,0,Low,460,0,1,1,0.9796791720978684,97.97,MEDIUM
TX-289,transformer,Anand Substation,Anand,22.20065,73.09726,23.1,59.5,stable,3.38,69.2,61.2,128,6,0,38.7,53.3,22.8,50.0,0,Low,1449,0,6,1,0.8582844316673762,85.83,MEDIUM
FDR-242,feeder,Baroda North Substation,Baroda North,22.5756,72.96802,30.6,57.2,falling,3.48,79.8,71.2,216,3,0,63.8,93.9,29.9,87.9,1,Low,20,0,3,0,0.28548488148661677,28.55,MEDIUM
TX-290,transformer,Padra Substation,Padra,22.14597,73.10411,4.7,53.5,stable,2.94,88.0,58.5,159,7,1,22.9,59.8,0.0,56.8,1,Medium,1572,2,6,0,0.001686159589372846,0.17,LOW
BRK-167,breaker,Baroda North Substation,Baroda North,22.55374,73.28923,28.3,64.4,stable,4.61,66.9,63.3,74,7,1,29.3,42.2,20.3,0.0,2,Low,951,0,6,1,0.9704970432059262,97.05,MEDIUM
CAP-147,capacitor_bank,Bharuch Substation,Bharuch,22.5995,73.0684,7.0,57.5,falling,3.7,66.0,67.3,125,5,0,25.3,60.5,10.5,47.4,0,High,2108,2,4,0,0.003828304291221677,0.38,LOW
RCL-150,recloser,Padra Substation,Padra,22.42839,73.44778,2.2,47.5,rising,2.59,89.3,68.5,138,6,1,42.6,56.5,9.3,72.7,1,Low,721,0,5,0,0.0008499401957509446,0.08,LOW
BRK-168,breaker,Karjan Substation,Karjan,22.22922,73.33725,7.0,46.5,falling,2.67,91.7,88.7,127,4,0,42.3,84.6,10.1,40.5,0,High,2515,2,1,0,0.0027080648853020617,0.27,LOW
BRK-169,breaker,Padra Substation,Padra,22.35384,73.19861,26.4,57.9,falling,3.27,77.8,59.1,171,2,0,63.8,81.5,38.4,0.9,0,Medium,1542,2,3,0,0.03723274433457682,3.72,LOW
FDR-243,feeder,Godhra Substation,Godhra,22.00107,73.33459,26.5,65.4,rising,4.04,59.1,69.8,167,6,1,50.9,53.8,22.8,64.0,2,Medium,1304,0,4,0,0.03331791686999475,3.33,LOW
CAP-148,capacitor_bank,Bharuch Substation,Bharuch,22.09841,73.00624,7.4,51.7,rising,2.58,81.9,50.7,18,5,0,44.5,49.8,18.8,49.4,0,Low,321,0,2,0,0.0019277751072810105,0.19,LOW
FDR-244,feeder,Padra Substation,Padra,22.09027,73.29498,9.8,53.1,falling,2.75,85.1,73.0,116,7,0,63.2,22.1,37.5,0.0,0,Low,239,0,1,0,0.0029964605970279365,0.3,LOW
BRK-170,breaker,Anand Substation,Anand,22.41283,73.33253,12.1,49.8,falling,3.22,90.1,86.3,89,7,1,24.7,92.8,18.5,15.0,1,Medium,1773,1,1,0,0.015891089987586343,1.59,LOW
BRK-171,breaker,Nadiad Substation,Nadiad,22.22696,73.22099,25.9,57.8,stable,3.46,76.9,52.1,100,2,0,67.4,39.1,18.5,0.0,1,High,1995,2,2,0,0.010005821241609038,1.0,LOW
TX-291,transformer,Padra Substation,Padra,22.27875,73.29438,5.3,48.9,falling,2.33,91.3,33.0,231,6,1,32.0,49.9,15.1,39.9,1,High,2672,2,3,0,0.001713063523699453,0.17,LOW
TX-292,transformer,Halol Substation,Halol,22.1065,72.93677,41.7,64.9,rising,4.79,61.0,68.9,290,5,1,45.8,66.9,19.1,49.6,1,Medium,1480,1,2,1,0.9837393318144557,98.37,HIGH
FDR-245,feeder,Anand Substation,Anand,22.0863,73.21216,39.7,59.2,stable,4.38,67.5,73.8,220,6,0,42.7,42.3,0.0,86.2,0,Low,775,0,2,1,0.9794333286560754,97.94,MEDIUM
BRK-172,breaker,Karjan Substation,Karjan,21.98875,72.93228,24.4,68.1,falling,5.0,52.8,61.4,288,3,2,58.5,55.4,16.0,11.8,2,High,2389,2,6,1,0.9392832154881028,93.93,MEDIUM
FDR-246,feeder,Baroda North Substation,Baroda North,22.49517,73.02318,36.9,58.6,rising,4.37,58.3,87.6,137,6,0,22.9,48.9,17.0,24.7,0,Medium,1275,1,4,0,0.03950448474653144,3.95,LOW
TX-293,transformer,Baroda North Substation,Baroda North,22.0333,73.47185,25.1,65.1,rising,4.72,56.3,77.9,261,4,0,8.2,44.1,0.0,37.5,0,Medium,1155,0,6,1,0.9934660003457666,99.35,HIGH
BRK-173,breaker,Padra Substation,Padra,22.25099,73.37299,2.1,49.6,stable,3.12,84.6,61.0,163,5,0,22.6,62.8,5.5,4.7,0,High,2016,2,3,0,0.0011841093355476023,0.12,LOW
FDR-247,feeder,Padra Substation,Padra,21.92756,73.18186,16.2,55.6,stable,3.28,75.6,53.8,167,5,0,51.4,56.8,26.7,22.3,0,Medium,1016,0,6,0,0.0030608744173985514,0.31,LOW
TX-294,transformer,Karjan Substation,Karjan,22.24891,73.45854,29.0,71.6,falling,5.01,48.1,78.3,275,5,2,58.8,68.6,27.0,36.6,2,Low,393,0,4,1,0.9939389717781972,99.39,CRITICAL
FDR-248,feeder,Godhra Substation,Godhra,21.95752,73.42407,3.9,55.6,stable,3.17,82.2,64.4,190,4,0,18.6,55.7,28.4,33.1,0,Medium,971,1,3,0,0.0007159347397941175,0.07,LOW
TX-295,transformer,Vadodara Central Substation,Vadodara Central,22.44043,73.33847,39.4,58.0,stable,4.05,63.5,69.0,143,6,0,79.0,46.7,8.2,18.0,0,Medium,1879,2,1,1,0.9896775287130103,98.97,HIGH
FDR-249,feeder,Padra Substation,Padra,22.05532,72.98485,6.9,55.7,stable,3.07,80.4,62.0,111,6,0,38.5,63.4,43.9,50.3,0,Medium,1094,1,6,0,0.0016663648447854925,0.17,LOW
TX-296,transformer,Karjan Substation,Karjan,22.50086,73.36735,11.6,55.7,stable,3.83,79.1,63.5,191,6,0,46.0,60.6,19.9,40.0,0,High,1607,2,5,0,0.0040476379046093134,0.4,LOW
FDR-250,feeder,Anand Substation,Anand,22.32258,73.38511,41.7,69.5,rising,5.18,46.1,60.5,295,4,2,45.0,54.0,18.4,22.4,2,Medium,1132,1,3,1,0.9681207823320135,96.81,MEDIUM
FDR-251,feeder,Karjan Substation,Karjan,21.99104,73.22166,22.0,60.1,stable,3.43,77.4,69.3,116,7,0,30.5,69.7,22.9,21.4,1,High,2513,1,3,0,0.006111097826994001,0.61,LOW
TX-297,transformer,Bharuch Substation,Bharuch,22.1704,73.31094,18.4,58.7,stable,3.92,64.7,87.9,218,4,0,37.4,71.0,46.5,16.6,0,High,2170,3,1,1,0.9799907551100507,98.0,MEDIUM
RCL-151,recloser,Godhra Substation,Godhra,22.5896,73.36815,16.7,55.8,stable,3.14,86.4,72.3,220,3,1,50.3,23.8,0.0,54.2,1,Low,147,0,5,0,0.0037825074732189467,0.38,LOW
TX-298,transformer,Padra Substation,Padra,22.182,73.25871,29.4,64.5,rising,4.75,55.4,82.5,257,5,1,21.6,50.2,16.2,28.8,1,Medium,1743,0,2,1,0.9886301792250397,98.86,HIGH
RCL-152,recloser,Vadodara Central Substation,Vadodara Central,22.52114,73.24169,14.0,60.0,stable,3.8,77.8,54.7,136,0,0,52.6,41.0,15.9,0.0,0,Low,973,0,5,0,0.03060486415186665,3.06,LOW
CAP-149,capacitor_bank,Baroda South Substation,Baroda South,22.264,73.03224,35.2,68.2,stable,5.35,46.6,80.9,255,2,1,41.1,40.0,20.8,79.0,2,Low,84,0,2,1,0.9895924811528508,98.96,HIGH
FDR-252,feeder,Bharuch Substation,Bharuch,22.2039,73.05962,25.7,56.6,stable,3.96,66.9,70.9,205,1,1,0.0,40.4,13.7,102.1,1,Low,518,0,2,0,0.016180634174701152,1.62,LOW
FDR-253,feeder,Vadodara Central Substation,Vadodara Central,22.48277,72.99855,5.3,53.5,falling,2.64,82.3,66.5,23,6,0,32.9,57.6,8.1,67.6,0,High,2575,1,1,0,0.0010940107335453597,0.11,LOW
TX-299,transformer,Padra Substation,Padra,22.50403,73.21308,34.6,65.7,rising,4.51,67.2,63.9,141,4,0,38.9,34.7,15.6,34.7,0,High,2486,1,2,0,0.05788688661036367,5.79,LOW
RCL-153,recloser,Vadodara Central Substation,Vadodara Central,22.54598,73.45385,12.9,60.4,stable,3.2,81.1,59.0,142,7,0,19.0,48.3,20.8,44.5,0,Medium,1352,0,4,0,0.00369690433815958,0.37,LOW
FDR-254,feeder,Karjan Substation,Karjan,22.37462,72.94716,30.7,57.6,falling,3.73,64.3,74.5,255,6,1,33.3,64.8,39.3,8.0,1,Medium,1528,2,2,1,0.9775705467988532,97.76,MEDIUM
FDR-255,feeder,Godhra Substation,Godhra,22.20181,73.07086,6.8,56.0,stable,3.22,69.2,64.5,194,4,0,25.1,91.4,25.8,60.4,0,Low,167,0,1,0,0.00796149287840411,0.8,LOW
FDR-256,feeder,Nadiad Substation,Nadiad,22.38075,73.16276,23.0,55.8,falling,3.78,82.7,87.9,218,7,0,23.1,62.9,21.9,0.0,0,Medium,1185,0,6,0,0.031240525015889694,3.12,LOW
CAP-150,capacitor_bank,Godhra Substation,Godhra,22.50207,72.90928,15.0,60.1,rising,4.24,67.3,73.5,72,1,0,26.2,34.6,0.0,0.0,0,High,2356,2,2,0,0.009521171830059528,0.95,LOW
FDR-257,feeder,Baroda South Substation,Baroda South,22.57824,73.35298,15.4,50.1,falling,2.58,79.0,57.9,66,10,0,35.1,47.9,21.2,85.6,0,Low,624,0,4,0,0.004833066159282132,0.48,LOW
FDR-258,feeder,Padra Substation,Padra,22.1364,73.34125,13.7,59.5,rising,3.8,68.0,83.9,297,7,0,46.8,45.2,7.3,86.7,0,Medium,1226,0,5,0,0.01333697181130964,1.33,LOW
FDR-259,feeder,Baroda North Substation,Baroda North,22.36458,73.17684,36.7,63.5,stable,3.67,75.2,60.3,218,3,0,53.0,57.6,3.5,87.7,0,Medium,1379,1,6,0,0.04697181206679458,4.7,LOW
FDR-260,feeder,Padra Substation,Padra,22.16666,73.27172,37.7,57.3,stable,3.69,71.9,49.9,192,4,0,40.2,44.0,1.8,3.4,0,Medium,1696,2,4,0,0.03452745593997523,3.45,LOW
FDR-261,feeder,Anand Substation,Anand,22.57233,73.45426,12.8,52.7,stable,2.93,82.7,55.7,177,4,0,31.1,76.7,13.5,35.5,0,High,1523,2,5,0,0.0010757608606944155,0.11,LOW
TX-300,transformer,Baroda South Substation,Baroda South,22.56614,73.19378,42.0,58.2,falling,3.54,75.1,47.1,304,5,0,72.1,37.2,8.4,95.6,0,Low,816,0,1,1,0.9937873271067966,99.38,HIGH
FDR-262,feeder,Padra Substation,Padra,22.48699,73.02611,13.6,50.5,rising,3.07,88.6,59.5,221,5,0,31.2,72.4,11.0,51.9,0,Low,600,0,1,0,0.0019381106883497264,0.19,LOW
TX-301,transformer,Halol Substation,Halol,21.92463,73.11232,8.6,51.9,rising,2.75,78.3,47.3,179,6,0,16.8,75.8,19.4,59.1,0,High,2141,1,1,0,0.001018352120681824,0.1,LOW
FDR-263,feeder,Baroda North Substation,Baroda North,22.45461,73.16987,37.7,66.6,rising,4.55,62.4,68.3,263,4,2,23.2,72.6,12.9,91.7,2,High,1885,3,4,1,0.9802830700203455,98.03,MEDIUM
TX-302,transformer,Baroda South Substation,Baroda South,22.51774,72.92572,40.3,58.3,stable,3.9,75.0,69.4,135,5,0,4.1,42.2,17.9,26.8,1,Medium,1184,1,1,0,0.6553784659113966,65.54,MEDIUM
FDR-264,feeder,Godhra Substation,Godhra,22.3105,73.49706,29.3,67.9,falling,4.74,55.5,82.5,270,3,1,64.2,44.4,10.2,36.1,1,Low,20,0,4,1,0.9971337287616359,99.71,CRITICAL
FDR-265,feeder,Godhra Substation,Godhra,22.04013,72.98593,13.9,52.4,stable,3.55,84.5,81.7,231,6,1,30.4,64.5,21.0,61.3,1,Low,20,1,2,0,0.007964585478851002,0.8,LOW
TX-303,transformer,Nadiad Substation,Nadiad,22.23868,73.12735,23.9,57.5,stable,3.71,72.9,73.8,257,5,0,20.4,50.2,12.6,53.7,0,Low,694,1,3,0,0.26077285818889545,26.08,MEDIUM
RCL-154,recloser,Bharuch Substation,Bharuch,22.56968,73.45565,33.6,56.2,stable,3.33,80.1,69.0,204,3,0,0.0,62.5,27.9,48.2,0,Low,769,0,2,0,0.012027702239135003,1.2,LOW
TX-304,transformer,Karjan Substation,Karjan,22.35122,73.34227,19.8,54.9,falling,3.63,70.0,77.1,193,6,0,29.1,80.8,14.1,66.9,0,High,1856,2,6,0,0.013504819869328017,1.35,LOW
TX-305,transformer,Vadodara Central Substation,Vadodara Central,22.40314,73.02854,12.2,55.0,stable,2.54,81.2,50.6,81,7,0,2.8,58.6,23.7,50.7,0,High,2250,1,4,0,0.0015720357462984883,0.16,LOW
CAP-151,capacitor_bank,Baroda South Substation,Baroda South,22.38532,73.33323,34.1,62.1,stable,4.69,60.9,57.6,299,6,0,80.4,35.7,13.4,107.6,0,Medium,1030,0,2,0,0.03759156382106388,3.76,LOW
BRK-174,breaker,Bharuch Substation,Bharuch,21.91599,72.98953,37.9,62.2,falling,3.9,65.7,71.8,158,7,0,28.1,67.0,7.7,50.0,0,Low,482,0,1,1,0.9812953580857255,98.13,HIGH
BRK-175,breaker,Karjan Substation,Karjan,22.54679,73.47607,13.2,65.0,stable,4.84,67.0,93.1,250,5,0,41.9,34.5,18.0,66.4,0,Medium,1533,1,6,1,0.9822319683836022,98.22,HIGH
BRK-176,breaker,Baroda South Substation,Baroda South,22.04588,72.90805,6.0,47.1,rising,2.48,89.1,64.7,138,5,1,7.2,57.2,0.0,55.7,1,Low,862,0,3,0,0.00702740205134869,0.7,LOW
BRK-177,breaker,Nadiad Substation,Nadiad,22.46733,73.34159,35.8,70.6,stable,5.08,56.2,84.2,304,5,0,44.1,74.8,31.9,0.0,0,High,1904,1,1,1,0.9870196400168081,98.7,HIGH
RCL-155,recloser,Karjan Substation,Karjan,22.19572,73.11709,1.8,48.1,falling,2.85,81.9,71.6,168,4,0,54.7,64.2,14.8,122.2,0,Medium,1441,4,1,0,0.0036763159663706227,0.37,LOW
TX-306,transformer,Halol Substation,Halol,22.07479,72.97482,32.7,55.3,stable,3.42,77.4,59.3,153,0,0,31.5,39.3,40.4,79.0,0,Low,1003,0,1,0,0.016486525829535893,1.65,LOW
RCL-156,recloser,Vadodara Central Substation,Vadodara Central,21.92711,72.91599,28.4,62.7,stable,4.41,68.4,75.3,168,5,0,37.9,72.8,31.8,37.5,1,Low,406,1,1,0,0.04311965501234009,4.31,LOW
BRK-178,breaker,Padra Substation,Padra,22.06043,72.94782,22.5,55.9,rising,3.72,73.1,73.6,174,7,1,56.7,65.7,23.8,53.6,1,Low,454,0,6,1,0.9353131305391158,93.53,MEDIUM
CAP-152,capacitor_bank,Bharuch Substation,Bharuch,22.54538,73.403,9.6,50.6,stable,3.12,77.9,52.9,254,4,0,13.3,60.4,30.3,0.0,0,Medium,2535,0,4,0,0.0012428469135157766,0.12,LOW
FDR-266,feeder,Baroda South Substation,Baroda South,22.06517,73.36096,31.8,56.5,rising,3.66,71.9,80.4,165,3,0,63.4,56.4,14.9,0.0,0,Low,126,1,5,0,0.03223747240535132,3.22,LOW
CAP-153,capacitor_bank,Karjan Substation,Karjan,22.22427,73.16341,1.1,51.6,falling,3.11,82.1,85.4,193,1,0,38.3,68.4,1.7,71.7,0,High,2049,1,2,0,0.0026546297227255998,0.27,LOW
FDR-267,feeder,Karjan Substation,Karjan,21.9469,73.39353,5.4,51.5,rising,3.18,75.6,79.4,173,6,0,54.5,51.8,0.0,17.3,0,High,1787,3,1,0,0.0012459333060119296,0.12,LOW
CAP-154,capacitor_bank,Baroda South Substation,Baroda South,22.25312,73.49583,24.8,51.1,rising,3.31,72.5,72.8,163,6,0,12.2,87.0,8.1,98.8,0,Medium,1082,1,5,0,0.012677033435798972,1.27,LOW
RCL-157,recloser,Baroda North Substation,Baroda North,22.58076,73.12428,23.2,58.4,rising,3.84,66.4,67.5,168,2,0,34.6,46.3,16.7,101.7,0,Medium,1881,1,4,0,0.07272318238515849,7.27,LOW
FDR-268,feeder,Anand Substation,Anand,22.30502,73.49943,38.1,61.0,stable,3.71,74.6,83.4,226,5,1,46.6,45.8,6.1,52.2,1,High,1742,3,4,0,0.03297871358903034,3.3,LOW
FDR-269,feeder,Anand Substation,Anand,22.36902,73.13889,40.8,59.7,stable,4.54,65.0,82.5,259,4,0,65.8,61.8,6.2,49.1,0,Medium,1853,0,6,1,0.9951341463561222,99.51,CRITICAL
TX-307,transformer,Karjan Substation,Karjan,22.57211,73.3672,12.7,54.4,rising,2.67,72.7,56.1,165,4,0,35.2,69.0,16.9,44.1,0,Medium,647,1,5,0,0.0013015049093163856,0.13,LOW
FDR-270,feeder,Padra Substation,Padra,22.40031,72.96478,44.5,65.0,stable,4.89,54.5,76.5,236,10,0,76.1,93.2,0.0,40.6,0,Medium,1814,2,2,1,0.9984798547074556,99.85,CRITICAL
BRK-179,breaker,Anand Substation,Anand,22.49159,73.18203,25.5,58.8,rising,4.09,72.3,73.4,200,4,0,59.0,59.8,21.2,36.3,0,Low,480,1,4,0,0.07229334507521631,7.23,LOW
CAP-155,capacitor_bank,Baroda North Substation,Baroda North,22.36422,73.27044,25.1,59.2,stable,3.53,70.5,76.5,115,6,0,47.1,81.4,17.5,66.1,0,Medium,887,2,5,0,0.09435558593286952,9.44,MEDIUM
BRK-180,breaker,Karjan Substation,Karjan,21.93114,72.96803,17.8,54.4,falling,3.41,73.4,77.0,196,4,0,31.5,51.1,3.1,89.8,0,Low,592,0,6,0,0.007552145009958486,0.76,LOW
FDR-271,feeder,Anand Substation,Anand,22.10532,73.1258,18.4,52.6,rising,3.06,82.1,83.0,135,4,0,62.4,58.4,18.1,14.6,0,Low,20,0,1,0,0.009321221841221292,0.93,LOW
CAP-156,capacitor_bank,Padra Substation,Padra,22.49993,73.12172,20.2,56.4,stable,4.22,70.7,79.5,168,2,0,49.7,19.7,25.5,50.2,0,Medium,400,0,2,0,0.04322796979542483,4.32,LOW
CAP-157,capacitor_bank,Baroda South Substation,Baroda South,21.94713,72.91665,15.7,60.5,rising,4.3,64.6,87.9,224,5,0,52.7,81.1,13.9,0.0,0,Medium,1615,0,5,1,0.8406842625228873,84.07,MEDIUM
TX-308,transformer,Baroda North Substation,Baroda North,22.55169,73.06392,12.1,52.3,stable,2.85,87.1,64.9,125,7,1,53.9,37.6,19.4,18.4,1,Medium,1216,1,1,0,0.0013125950148203923,0.13,LOW
BRK-181,breaker,Nadiad Substation,Nadiad,22.11683,72.97404,5.9,55.7,rising,3.99,69.5,69.4,283,2,0,53.9,67.4,8.8,8.5,0,Low,478,2,2,0,0.007115262700853834,0.71,LOW
BRK-182,breaker,Padra Substation,Padra,22.58401,73.3093,12.8,48.2,falling,2.73,82.5,64.5,227,5,0,0.0,62.3,20.5,68.4,0,Low,1166,0,6,0,0.001181727860778652,0.12,LOW
CAP-158,capacitor_bank,Baroda North Substation,Baroda North,22.07845,73.32885,30.2,61.7,stable,3.93,73.8,74.7,232,1,0,34.3,66.2,12.4,83.7,0,Low,434,0,1,1,0.9648675666117799,96.49,MEDIUM
FDR-272,feeder,Godhra Substation,Godhra,22.54175,73.47331,40.3,59.0,rising,4.27,71.9,69.9,214,4,0,34.6,66.3,10.3,0.0,1,Low,386,0,3,1,0.9762202463459122,97.62,MEDIUM
FDR-273,feeder,Padra Substation,Padra,22.3055,73.4929,27.5,55.2,stable,3.71,77.8,66.9,175,5,0,12.0,48.0,14.8,0.2,0,High,2311,2,5,0,0.009703785458008138,0.97,LOW
BRK-183,breaker,Karjan Substation,Karjan,22.26502,73.04296,6.8,49.0,rising,2.31,80.5,56.8,129,8,0,54.0,54.8,8.2,39.5,0,High,2476,1,2,0,0.0006821740381005301,0.07,LOW
TX-309,transformer,Baroda North Substation,Baroda North,22.25555,73.27883,25.9,61.0,stable,3.58,80.9,64.9,175,5,0,49.0,65.8,18.7,44.9,0,Low,359,0,1,0,0.03174638373108773,3.17,LOW
FDR-274,feeder,Halol Substation,Halol,22.12147,73.30577,5.1,51.9,stable,3.36,73.0,75.4,134,7,0,30.2,57.7,10.2,52.3,0,Low,20,0,5,0,0.001452711060781964,0.15,LOW
TX-310,transformer,Anand Substation,Anand,22.59075,72.90095,15.5,55.5,stable,3.42,73.0,71.6,104,1,0,56.1,54.3,21.9,68.9,0,High,2003,1,2,0,0.013959164929729121,1.4,LOW
TX-311,transformer,Vadodara Central Substation,Vadodara Central,22.52839,73.23945,21.7,58.6,rising,3.77,72.8,72.5,85,4,0,51.3,35.9,12.3,65.8,0,Medium,1702,0,5,0,0.02218341713514128,2.22,LOW
RCL-158,recloser,Halol Substation,Halol,22.49835,73.35663,38.1,58.6,falling,3.73,79.7,85.3,194,7,0,71.2,36.6,33.1,8.8,0,Low,63,2,5,0,0.017261509634678547,1.73,LOW
FDR-275,feeder,Baroda South Substation,Baroda South,22.31134,73.16957,5.0,53.3,stable,2.44,84.8,58.8,160,6,0,10.2,74.9,26.6,24.4,0,Low,509,0,5,0,0.0013142526690361432,0.13,LOW
CAP-159,capacitor_bank,Nadiad Substation,Nadiad,22.56545,73.17561,17.4,61.3,rising,3.31,72.9,56.7,215,7,0,69.6,74.6,18.0,50.3,0,Low,357,0,3,1,0.9588921268155248,95.89,MEDIUM
TX-312,transformer,Halol Substation,Halol,22.38861,73.46927,22.4,66.7,falling,4.5,59.1,67.6,232,9,0,77.9,72.5,13.5,94.7,1,Low,147,0,6,1,0.9883252607899022,98.83,HIGH
FDR-276,feeder,Anand Substation,Anand,22.3018,73.08736,39.7,68.9,rising,4.82,58.4,84.4,149,4,0,49.3,43.2,21.7,127.4,0,Medium,1381,1,5,1,0.9960553900391658,99.61,CRITICAL
BRK-184,breaker,Godhra Substation,Godhra,21.92487,73.09937,39.1,62.6,rising,4.59,62.2,71.7,370,3,0,0.0,46.8,17.5,0.0,0,Low,502,1,1,1,0.9829379291914859,98.29,HIGH
BRK-185,breaker,Karjan Substation,Karjan,22.59752,73.4346,10.4,60.4,stable,3.68,79.1,62.9,213,2,0,78.5,82.7,25.4,77.1,0,Low,350,0,6,0,0.00562291242163352,0.56,LOW
FDR-277,feeder,Padra Substation,Padra,22.47726,73.25644,44.2,64.8,falling,4.11,63.9,63.9,335,8,1,54.2,50.8,8.4,10.0,2,High,2299,2,6,1,0.9930601105823015,99.31,HIGH
TX-313,transformer,Bharuch Substation,Bharuch,22.18429,73.27259,30.3,56.9,falling,3.27,80.4,72.0,184,5,1,36.6,68.3,19.1,16.7,1,Low,1203,0,1,0,0.013183466098263935,1.32,LOW
TX-314,transformer,Nadiad Substation,Nadiad,22.52342,73.10387,35.9,58.7,falling,3.79,77.3,76.0,197,5,0,36.7,60.3,33.6,69.3,0,Medium,1956,0,6,1,0.9386953315340482,93.87,MEDIUM
TX-315,transformer,Halol Substation,Halol,21.9021,73.10893,27.2,53.1,stable,3.6,81.6,67.6,83,3,0,7.5,67.3,17.1,29.3,0,Medium,1080,1,1,0,0.005467360199530206,0.55,LOW
CAP-160,capacitor_bank,Vadodara Central Substation,Vadodara Central,21.90913,72.91153,28.0,53.4,rising,3.38,69.8,54.3,71,3,0,34.8,74.2,9.8,34.2,0,Low,490,0,5,0,0.019901943670005674,1.99,LOW
RCL-159,recloser,Padra Substation,Padra,22.13392,72.90483,2.9,48.6,rising,2.16,94.9,52.1,111,8,0,27.9,50.2,30.8,73.0,0,Low,322,0,2,0,0.0008333571654402392,0.08,LOW
TX-316,transformer,Anand Substation,Anand,22.48725,72.92784,40.5,57.1,rising,3.57,64.9,63.0,185,7,0,31.1,58.1,9.7,48.2,0,Low,295,2,4,1,0.9880869479363045,98.81,HIGH
FDR-278,feeder,Padra Substation,Padra,21.96141,73.25605,40.0,62.7,rising,4.56,51.6,54.8,274,5,3,32.9,66.5,13.3,72.1,3,Medium,984,0,2,1,0.9890531356441618,98.91,HIGH
FDR-279,feeder,Baroda South Substation,Baroda South,22.02665,73.15887,36.4,56.9,rising,3.76,65.1,65.8,131,4,1,98.4,52.4,13.1,54.4,1,High,2105,2,1,0,0.03163400266409385,3.16,LOW
TX-317,transformer,Karjan Substation,Karjan,22.38351,73.12903,35.6,66.0,falling,4.79,58.3,71.7,148,4,0,20.5,41.9,27.1,80.7,0,Medium,1528,0,6,1,0.9645543238935212,96.46,MEDIUM
BRK-186,breaker,Bharuch Substation,Bharuch,22.36374,72.99329,22.1,61.5,stable,4.6,64.8,61.5,334,5,0,42.9,54.3,18.1,50.7,0,Low,618,2,2,1,0.9875193010726898,98.75,HIGH
TX-318,transformer,Halol Substation,Halol,22.49534,72.97632,3.9,55.9,falling,2.76,85.6,48.4,96,5,0,5.6,27.3,0.0,30.6,0,High,2746,2,3,0,0.007763288772900609,0.78,LOW
TX-319,transformer,Godhra Substation,Godhra,22.59347,72.9538,15.8,48.6,rising,3.19,80.2,71.1,227,5,0,24.1,41.4,20.5,52.9,0,Low,310,0,2,0,0.002358279501814743,0.24,LOW
CAP-161,capacitor_bank,Baroda North Substation,Baroda North,22.1841,73.43088,8.0,54.6,stable,3.05,87.4,80.8,216,5,0,1.2,48.2,21.9,0.0,0,Low,141,0,3,0,0.0010771525869227722,0.11,LOW
FDR-280,feeder,Vadodara Central Substation,Vadodara Central,22.32316,73.00036,4.7,51.1,stable,2.51,88.9,57.7,171,5,0,66.8,16.9,29.7,21.0,0,Low,20,0,6,0,0.0006090098157633773,0.06,LOW
CAP-162,capacitor_bank,Vadodara Central Substation,Vadodara Central,21.96866,73.27366,7.5,49.5,stable,2.97,85.9,79.5,224,4,0,23.1,42.4,0.4,0.0,0,Medium,641,3,5,0,0.002811999282296443,0.28,LOW
FDR-281,feeder,Nadiad Substation,Nadiad,22.48412,73.409,25.6,64.0,falling,3.98,66.1,66.1,56,8,0,31.1,47.7,23.5,42.4,0,Low,1254,0,6,0,0.36332340601776386,36.33,MEDIUM
FDR-282,feeder,Bharuch Substation,Bharuch,22.31625,73.20167,30.7,66.6,stable,4.81,65.8,60.0,299,3,3,0.0,49.9,23.7,76.7,3,High,2122,2,6,0,0.036496461135616796,3.65,LOW
TX-320,transformer,Godhra Substation,Godhra,21.9957,73.12077,1.3,51.8,falling,2.72,86.1,44.9,51,6,0,57.0,58.3,8.6,18.2,0,Low,601,0,3,0,0.0006257348947410537,0.06,LOW
RCL-160,recloser,Nadiad Substation,Nadiad,22.38038,72.97319,25.0,52.8,stable,3.2,81.9,74.1,215,6,0,30.3,40.2,21.0,18.8,0,High,1875,2,6,0,0.005880764263574777,0.59,LOW
CAP-163,capacitor_bank,Baroda South Substation,Baroda South,22.50879,73.46026,5.1,53.1,rising,2.92,83.5,69.6,170,7,1,24.1,58.4,10.6,68.3,1,Low,20,0,2,0,0.0008069199997783879,0.08,LOW
BRK-187,breaker,Vadodara Central Substation,Vadodara Central,22.12784,73.21149,20.6,58.3,stable,3.49,71.0,61.2,218,8,0,69.2,79.4,22.9,20.2,0,High,1587,4,3,0,0.019453672940874137,1.95,LOW
TX-321,transformer,Baroda South Substation,Baroda South,22.00792,73.36534,38.3,62.6,stable,4.63,65.3,67.5,206,4,1,29.7,63.0,3.6,19.0,2,Low,407,0,6,1,0.9945305336939931,99.45,CRITICAL
BRK-188,breaker,Karjan Substation,Karjan,22.38383,73.39698,11.8,52.4,stable,3.31,80.1,50.6,89,6,0,33.4,45.4,0.8,47.0,0,Medium,1779,1,4,0,0.002328660295677136,0.23,LOW
TX-322,transformer,Bharuch Substation,Bharuch,22.49173,73.39418,43.8,62.1,rising,4.52,60.2,103.7,263,1,0,20.5,46.2,17.8,60.8,1,Medium,1027,1,6,1,0.9962275022974515,99.62,CRITICAL
CAP-164,capacitor_bank,Padra Substation,Padra,22.25585,73.28084,38.8,69.0,stable,4.65,62.0,58.9,289,4,1,22.3,55.2,12.7,63.1,1,Medium,2196,2,6,1,0.9824838261548363,98.25,HIGH
TX-323,transformer,Baroda South Substation,Baroda South,21.94667,73.28865,32.6,59.2,stable,4.05,71.3,74.0,153,2,0,66.4,65.3,17.7,0.0,0,High,1575,2,2,1,0.9480081731810066,94.8,MEDIUM
TX-324,transformer,Halol Substation,Halol,22.41135,73.37445,11.1,60.5,rising,3.95,75.4,81.9,251,7,0,56.5,45.5,7.9,31.9,0,Medium,1643,0,3,1,0.11018410705624496,11.02,MEDIUM
TX-325,transformer,Karjan Substation,Karjan,22.46784,72.9109,4.8,51.8,rising,2.69,87.1,80.2,159,5,0,62.0,42.1,13.5,86.6,0,Medium,1255,1,1,0,0.00136476216974025,0.14,LOW
RCL-161,recloser,Anand Substation,Anand,22.58956,73.01122,30.1,53.3,rising,3.62,82.4,70.6,212,3,0,24.5,51.1,18.8,78.1,1,Low,288,0,5,0,0.01034599461462836,1.03,LOW
FDR-283,feeder,Anand Substation,Anand,22.34585,73.00901,28.4,60.2,stable,3.7,73.0,71.4,275,0,0,21.6,60.9,31.0,16.5,0,Low,149,0,5,1,0.9524867788213882,95.25,MEDIUM
TX-326,transformer,Baroda North Substation,Baroda North,22.51937,72.95342,36.5,67.7,rising,4.98,45.0,63.8,182,4,3,48.9,42.5,19.9,0.0,3,Low,235,0,3,1,0.9885855808452148,98.86,HIGH
FDR-284,feeder,Bharuch Substation,Bharuch,22.38631,73.25614,2.0,50.4,stable,3.01,80.4,66.8,182,5,0,59.1,49.1,18.9,73.5,0,Medium,996,0,1,0,0.0008625320732722671,0.09,LOW
TX-327,transformer,Bharuch Substation,Bharuch,22.42173,73.08443,19.8,51.4,rising,3.04,86.0,62.2,196,7,0,10.0,47.9,24.6,25.5,0,Medium,1079,2,3,0,0.00434104274095285,0.43,LOW
TX-328,transformer,Nadiad Substation,Nadiad,22.59183,73.3014,32.1,63.4,rising,4.17,74.4,62.9,214,4,0,66.0,44.4,7.3,46.6,0,Low,486,0,2,1,0.9748125584618632,97.48,MEDIUM
BRK-189,breaker,Padra Substation,Padra,21.9261,72.9061,43.6,73.1,stable,5.0,59.4,73.2,269,4,1,22.6,63.3,10.6,27.3,1,Low,935,0,2,1,0.9692727114819865,96.93,MEDIUM
FDR-285,feeder,Nadiad Substation,Nadiad,22.5796,72.94733,3.4,46.1,falling,2.8,82.0,67.5,104,6,0,23.5,40.5,30.3,15.6,0,Medium,1497,1,4,0,0.0008552256084429281,0.09,LOW
TX-329,transformer,Baroda North Substation,Baroda North,21.97545,73.08075,15.4,53.6,rising,3.19,84.8,69.4,231,4,0,51.3,67.3,30.5,85.5,0,Medium,1820,1,6,0,0.003923271163260763,0.39,LOW
BRK-190,breaker,Vadodara Central Substation,Vadodara Central,22.22607,73.01299,37.1,63.4,rising,4.33,71.3,80.5,29,6,0,26.1,55.8,0.0,76.2,1,Medium,1818,0,1,1,0.9733138869334766,97.33,MEDIUM
TX-330,transformer,Bharuch Substation,Bharuch,22.30153,72.96468,42.7,56.6,stable,3.71,65.4,62.7,161,4,0,8.8,55.6,11.3,114.9,0,Low,1232,0,4,1,0.9876671027942221,98.77,HIGH
TX-331,transformer,Anand Substation,Anand,22.53716,73.34083,31.5,59.7,stable,3.06,77.9,42.7,222,6,0,58.5,55.1,9.3,49.6,0,Low,328,2,2,0,0.02144588864087799,2.14,LOW
TX-332,transformer,Halol Substation,Halol,22.41075,73.47506,42.6,64.4,stable,4.09,65.2,79.9,82,5,0,52.5,46.8,37.9,99.9,0,High,2430,2,4,1,0.9953899116037939,99.54,CRITICAL
FDR-286,feeder,Halol Substation,Halol,22.14027,73.13652,27.4,63.7,falling,4.29,68.5,82.1,220,5,0,36.2,45.6,11.4,48.8,0,Medium,1208,1,6,1,0.9555248748486485,95.55,MEDIUM
BRK-191,breaker,Padra Substation,Padra,22.21809,72.92969,9.3,59.1,falling,3.55,79.6,71.1,159,6,0,55.8,56.2,27.2,26.3,0,Medium,963,0,1,0,0.0038246942738490277,0.38,LOW
TX-333,transformer,Anand Substation,Anand,22.00104,73.12541,26.9,63.5,rising,4.33,71.3,62.6,279,5,0,48.4,85.0,4.5,39.7,0,Low,134,1,2,1,0.981875026875501,98.19,HIGH
TX-334,transformer,Nadiad Substation,Nadiad,22.37905,72.94282,31.5,66.6,rising,4.75,67.6,71.1,275,3,0,79.3,27.5,4.8,79.0,0,Low,428,0,5,1,0.9880459400356685,98.8,HIGH
TX-335,transformer,Halol Substation,Halol,22.40759,72.9946,42.7,64.3,rising,4.74,62.9,74.0,260,4,0,31.6,63.9,26.6,64.4,1,High,1986,3,5,1,0.9935687999968746,99.36,HIGH
TX-336,transformer,Bharuch Substation,Bharuch,21.91895,73.30129,7.7,57.1,stable,3.69,71.2,66.0,128,4,0,29.4,66.1,3.8,0.0,1,Low,20,0,5,0,0.00325858036955699,0.33,LOW
TX-337,transformer,Baroda North Substation,Baroda North,22.10857,72.90506,10.9,54.4,rising,2.53,91.0,60.0,107,5,0,44.9,22.0,16.4,65.7,0,Low,619,0,4,0,0.001961064188802693,0.2,LOW
TX-338,transformer,Bharuch Substation,Bharuch,22.44255,72.97125,34.0,62.6,stable,4.18,69.6,82.1,211,6,0,32.5,55.4,26.7,13.3,0,Low,905,0,3,1,0.9712513158093354,97.13,MEDIUM
TX-339,transformer,Nadiad Substation,Nadiad,22.21256,73.39523,36.6,64.7,rising,5.0,51.5,94.1,258,4,3,58.5,51.6,29.3,0.0,3,Medium,1249,1,5,1,0.9963140700466434,99.63,CRITICAL
FDR-287,feeder,Karjan Substation,Karjan,21.93249,73.38577,31.7,58.6,stable,4.53,58.7,94.9,252,4,0,30.9,90.2,18.8,39.5,0,Low,20,0,6,1,0.9064685440021861,90.65,MEDIUM
CAP-165,capacitor_bank,Godhra Substation,Godhra,22.05014,73.19019,28.1,57.3,stable,3.33,79.2,64.7,155,6,0,58.7,55.4,25.2,101.3,0,High,1284,1,2,0,0.02009486206103361,2.01,LOW
TX-340,transformer,Bharuch Substation,Bharuch,22.22276,73.26005,8.8,53.2,rising,2.41,87.9,36.7,100,6,0,66.1,58.2,24.8,27.6,0,Medium,1199,2,2,0,0.0007606164552737194,0.08,LOW
FDR-288,feeder,Bharuch Substation,Bharuch,22.1933,73.41194,19.6,61.3,rising,4.25,69.4,69.8,195,7,0,58.8,57.7,4.2,2.9,0,Medium,1377,0,5,0,0.052897907602581486,5.29,LOW
FDR-289,feeder,Nadiad Substation,Nadiad,22.33979,72.90542,31.9,57.5,stable,4.04,73.6,76.1,119,2,0,70.7,42.8,20.7,0.0,0,Low,379,0,4,1,0.8676527470933822,86.77,MEDIUM
TX-341,transformer,Baroda South Substation,Baroda South,21.95269,73.20544,7.3,55.4,stable,3.53,80.0,76.9,153,4,0,41.6,58.3,7.2,23.9,0,Medium,921,1,3,0,0.00143865922950539,0.14,LOW
CAP-166,capacitor_bank,Nadiad Substation,Nadiad,22.01482,72.98372,42.5,59.9,stable,3.63,65.4,52.5,152,5,0,17.6,44.3,34.2,65.0,0,High,2633,1,1,1,0.9862523564418374,98.63,HIGH
FDR-290,feeder,Nadiad Substation,Nadiad,22.28733,73.1496,12.9,64.9,rising,4.44,66.0,79.1,239,0,0,28.5,48.8,25.5,57.5,0,Medium,893,0,1,0,0.011024358257937638,1.1,LOW
TX-342,transformer,Halol Substation,Halol,22.2024,73.24169,30.9,71.1,stable,5.31,54.9,64.2,309,3,3,42.5,47.2,24.5,0.0,4,Low,187,0,3,1,0.9860292119391271,98.6,HIGH
FDR-291,feeder,Anand Substation,Anand,22.47295,73.12454,36.4,63.1,stable,5.1,50.4,78.9,301,3,3,60.9,54.7,31.6,72.4,3,Low,267,0,4,1,0.9957232684660312,99.57,CRITICAL
TX-343,transformer,Baroda South Substation,Baroda South,22.3181,73.26047,7.0,54.6,stable,2.67,76.7,73.8,241,5,0,83.8,47.6,35.1,38.4,0,Low,699,0,3,0,0.0015651959310559137,0.16,LOW
TX-344,transformer,Godhra Substation,Godhra,22.24626,73.15536,7.0,52.3,stable,3.54,81.8,81.1,206,6,0,39.0,57.6,22.0,94.8,0,Low,20,0,4,0,0.0021754841018241586,0.22,LOW
FDR-292,feeder,Godhra Substation,Godhra,21.96492,73.16894,15.3,53.1,stable,3.33,82.5,78.7,267,5,0,45.5,34.3,18.9,28.9,0,Medium,1337,0,5,0,0.1685084136877206,16.85,MEDIUM
FDR-293,feeder,Bharuch Substation,Bharuch,22.2709,73.15277,24.3,65.1,stable,4.64,61.6,89.1,288,3,0,77.2,58.9,25.9,59.2,0,Medium,1162,0,1,0,0.03576502097978369,3.58,LOW
TX-345,transformer,Godhra Substation,Godhra,22.48221,73.02762,19.8,49.2,stable,3.14,74.5,58.4,138,5,0,16.4,83.1,19.1,12.0,1,Low,521,0,3,0,0.004758684867569194,0.48,LOW
TX-346,transformer,Padra Substation,Padra,22.0834,73.44362,31.2,53.0,rising,3.29,80.9,63.7,182,7,0,28.6,95.2,5.8,50.2,0,Medium,1933,1,4,1,0.9466387838453146,94.66,MEDIUM
FDR-294,feeder,Karjan Substation,Karjan,22.33348,73.4635,25.4,66.0,stable,4.98,62.1,66.5,232,5,1,70.8,39.6,24.5,57.7,1,Low,279,1,3,0,0.0273862744854806,2.74,LOW
FDR-295,feeder,Halol Substation,Halol,22.10947,73.22427,37.3,66.2,rising,4.39,71.1,70.2,165,4,0,4.3,65.0,26.5,0.0,0,High,1914,3,2,0,0.017274442445425166,1.73,LOW
RCL-162,recloser,Halol Substation,Halol,22.59025,73.19501,5.4,52.7,falling,2.76,86.5,48.7,204,6,0,38.0,55.7,20.4,8.5,0,Medium,1243,1,5,0,0.0009931436783445714,0.1,LOW
TX-347,transformer,Bharuch Substation,Bharuch,22.27692,72.9124,29.9,70.4,stable,4.92,55.6,55.2,199,2,0,35.7,77.0,0.6,18.7,0,Low,273,0,5,0,0.7875583998515568,78.76,MEDIUM
RCL-163,recloser,Anand Substation,Anand,22.45832,73.41335,1.9,59.4,rising,3.35,81.1,69.7,257,1,1,32.3,47.4,31.5,32.9,1,Low,563,1,5,0,0.0035656330419331075,0.36,LOW
TX-348,transformer,Bharuch Substation,Bharuch,22.28119,73.48526,18.6,56.4,falling,2.92,85.1,70.0,77,6,0,55.1,41.1,31.0,18.7,0,Medium,1453,1,3,0,0.002591035721034803,0.26,LOW
CAP-167,capacitor_bank,Vadodara Central Substation,Vadodara Central,22.49868,73.22682,4.8,47.8,stable,2.34,85.7,51.6,175,5,0,27.1,55.9,43.0,1.1,0,High,1863,1,1,0,0.0008827280595419366,0.09,LOW
BRK-192,breaker,Vadodara Central Substation,Vadodara Central,22.57433,72.92248,4.6,55.6,rising,2.89,87.4,73.2,65,3,1,16.9,40.9,36.9,4.0,1,Low,1011,0,3,0,0.001416351658569863,0.14,LOW
FDR-296,feeder,Baroda South Substation,Baroda South,22.50219,73.27602,10.2,52.7,falling,3.33,73.1,74.1,132,7,0,61.9,50.8,24.3,75.7,0,Low,448,0,6,0,0.004976730710862723,0.5,LOW
TX-349,transformer,Baroda South Substation,Baroda South,22.58958,73.3733,23.4,56.1,falling,3.37,75.4,66.7,98,6,0,23.3,27.2,23.5,59.7,0,Medium,1492,0,5,0,0.0076407636131423885,0.76,LOW
CAP-168,capacitor_bank,Nadiad Substation,Nadiad,22.5392,73.46525,10.2,63.2,stable,4.65,63.0,85.8,247,4,0,0.0,56.5,28.1,42.6,0,Low,20,0,5,0,0.012522465539407505,1.25,LOW
FDR-297,feeder,Vadodara Central Substation,Vadodara Central,22.05056,73.06243,2.7,47.2,stable,2.89,89.7,74.6,225,5,0,18.2,80.2,18.8,50.9,0,Medium,1348,1,5,0,0.0012576069144945939,0.13,LOW
TX-350,transformer,Padra Substation,Padra,22.02987,72.90839,5.3,55.4,rising,3.18,80.4,66.7,81,4,0,16.4,84.9,15.9,18.8,0,Low,293,0,2,0,0.0016835636544415818,0.17,LOW
BRK-193,breaker,Godhra Substation,Godhra,21.99488,73.24274,2.6,47.1,stable,2.28,81.0,72.1,150,3,0,30.3,87.5,26.0,41.6,0,Medium,1212,0,6,0,0.0031958987380915076,0.32,LOW
RCL-164,recloser,Karjan Substation,Karjan,22.51922,73.29305,3.6,47.2,rising,2.14,95.9,76.4,84,6,0,57.7,58.9,3.7,47.3,0,High,2336,0,4,0,0.0015285105592572584,0.15,LOW
TX-351,transformer,Anand Substation,Anand,22.35356,72.90924,5.9,59.9,stable,3.18,74.8,34.6,141,3,0,46.2,63.3,17.4,44.5,0,High,2493,2,1,0,0.003960617355322812,0.4,LOW
TX-352,transformer,Karjan Substation,Karjan,22.40414,72.91446,30.2,52.1,rising,3.63,82.3,67.2,103,4,0,42.7,36.5,24.7,30.0,0,Low,628,0,3,0,0.008320041477806694,0.83,LOW
TX-353,transformer,Bharuch Substation,Bharuch,22.16556,72.93527,43.0,64.6,falling,4.89,60.3,92.1,286,4,1,26.9,39.9,15.7,3.3,1,High,2248,1,4,1,0.9580466176341351,95.8,MEDIUM
FDR-298,feeder,Nadiad Substation,Nadiad,22.33773,73.40016,29.9,62.3,falling,3.69,77.4,72.0,196,6,0,56.5,34.8,27.3,47.2,0,High,1388,2,6,0,0.007144970771191772,0.71,LOW
RCL-165,recloser,Nadiad Substation,Nadiad,22.43295,72.90119,2.7,51.1,rising,3.17,74.9,78.3,139,5,0,36.0,67.4,32.3,0.0,0,Low,443,0,2,0,0.0012625916932538412,0.13,LOW
FDR-299,feeder,Vadodara Central Substation,Vadodara Central,22.04108,73.17405,11.5,48.3,rising,2.73,92.0,49.0,127,6,0,44.7,92.0,21.6,60.3,0,Medium,1021,1,4,0,0.016853483226854846,1.69,LOW
BRK-194,breaker,Karjan Substation,Karjan,22.52322,73.33381,24.8,62.5,rising,4.78,74.1,100.5,191,2,0,34.9,55.2,21.2,96.7,0,Medium,994,0,1,1,0.9867632549175259,98.68,HIGH
FDR-300,feeder,Baroda North Substation,Baroda North,22.32505,73.05023,29.4,65.7,rising,4.89,56.6,83.5,287,7,0,46.4,52.1,14.8,57.1,0,Low,968,0,5,1,0.9806088116516632,98.06,MEDIUM
BRK-195,breaker,Vadodara Central Substation,Vadodara Central,22.38218,73.4429,32.7,65.8,stable,4.37,70.4,68.0,214,3,0,23.2,59.2,0.0,83.6,1,Medium,1893,0,3,1,0.9675921960043867,96.76,MEDIUM
BRK-196,breaker,Bharuch Substation,Bharuch,22.50639,73.13855,10.8,61.1,rising,3.32,78.5,66.7,210,7,0,32.4,33.2,13.4,85.6,0,High,2013,2,6,0,0.008176330183535169,0.82,LOW
TX-354,transformer,Karjan Substation,Karjan,22.20466,73.09506,24.0,61.1,rising,3.94,74.6,68.4,109,6,1,65.4,42.5,22.1,76.1,1,Medium,1661,0,4,0,0.04399710087470642,4.4,LOW
BRK-197,breaker,Nadiad Substation,Nadiad,21.95815,73.4995,20.4,61.5,falling,3.26,75.4,62.1,286,4,0,42.4,54.1,4.0,55.9,0,Low,945,0,4,0,0.04022615096053059,4.02,LOW
TX-355,transformer,Bharuch Substation,Bharuch,22.25745,73.40659,42.9,70.0,falling,5.27,48.9,55.2,267,1,1,71.0,59.5,22.3,127.1,1,Low,309,1,4,1,0.9963705183616126,99.64,CRITICAL
TX-356,transformer,Halol Substation,Halol,22.00557,73.10177,16.9,56.5,falling,4.18,68.7,82.0,243,4,0,52.2,73.0,4.2,29.4,0,Medium,1580,0,1,0,0.020337507357705585,2.03,LOW
CAP-169,capacitor_bank,Karjan Substation,Karjan,22.31073,73.0725,8.6,61.3,stable,3.81,77.8,67.3,227,7,0,59.0,61.4,29.9,1.7,1,Medium,1223,1,6,0,0.002705069999587161,0.27,LOW
FDR-301,feeder,Baroda South Substation,Baroda South,21.93567,73.26678,24.6,66.9,stable,4.63,69.3,74.4,209,5,0,42.1,64.3,12.0,24.3,0,Low,164,0,4,0,0.03430074873299828,3.43,LOW
FDR-302,feeder,Godhra Substation,Godhra,22.42515,73.19783,17.9,59.1,rising,3.35,76.6,84.5,198,6,1,14.7,61.2,19.3,26.6,1,High,3015,1,1,1,0.9680572115025748,96.81,MEDIUM
CAP-170,capacitor_bank,Padra Substation,Padra,22.57074,73.10444,18.1,62.5,stable,4.18,74.9,87.0,156,7,0,48.5,37.7,2.5,0.0,0,Low,20,0,2,1,0.10407448992159819,10.41,MEDIUM
TX-357,transformer,Baroda North Substation,Baroda North,22.34362,73.13052,37.8,57.8,rising,3.94,76.8,77.8,231,0,0,50.1,77.6,20.6,77.1,0,Low,710,1,5,1,0.9745447001675677,97.45,MEDIUM
BRK-198,breaker,Padra Substation,Padra,22.57481,72.99736,19.4,58.4,falling,3.71,79.8,88.9,169,4,0,20.8,66.9,9.3,90.6,0,Low,446,0,4,0,0.21802585519545095,21.8,MEDIUM
FDR-303,feeder,Anand Substation,Anand,22.48711,73.43679,16.5,58.3,stable,3.59,74.6,58.0,197,7,0,52.1,17.4,4.6,89.2,0,High,1974,2,1,0,0.04118050333703589,4.12,LOW
FDR-304,feeder,Anand Substation,Anand,22.32048,73.38569,42.4,68.7,stable,4.7,54.1,74.0,345,4,1,34.3,56.4,23.3,11.9,2,Low,324,0,4,1,0.9951175090528774,99.51,CRITICAL
TX-358,transformer,Godhra Substation,Godhra,22.45107,73.41331,31.7,61.2,stable,4.37,63.2,75.0,330,4,0,50.4,62.5,18.5,45.4,0,Medium,530,1,5,1,0.9773988071381126,97.74,MEDIUM
FDR-305,feeder,Padra Substation,Padra,22.20459,73.34289,20.8,55.7,stable,3.71,76.6,78.4,226,6,0,50.6,68.0,6.7,45.0,0,Low,20,0,3,0,0.010241168372643288,1.02,LOW
BRK-199,breaker,Vadodara Central Substation,Vadodara Central,22.48838,73.20195,3.7,59.3,rising,3.88,71.0,63.2,223,3,0,29.9,61.3,19.7,0.0,0,Medium,2183,1,1,0,0.012493686967122804,1.25,LOW
FDR-306,feeder,Baroda South Substation,Baroda South,22.04577,73.22909,34.1,64.2,stable,4.52,70.0,80.5,269,6,0,42.2,65.7,26.2,81.4,1,High,1867,3,3,0,0.040834851442753374,4.08,LOW
FDR-307,feeder,Baroda South Substation,Baroda South,22.23199,73.24663,3.3,53.8,stable,3.02,93.2,68.3,61,4,0,29.5,47.7,26.3,40.4,0,Medium,1338,2,2,0,0.001138458645542167,0.11,LOW
RCL-166,recloser,Bharuch Substation,Bharuch,22.48611,73.17326,33.5,63.0,rising,4.24,66.3,57.4,236,3,1,52.8,29.4,7.7,43.4,1,High,2809,0,6,1,0.6084830885610896,60.85,MEDIUM
TX-359,transformer,Baroda South Substation,Baroda South,22.48488,73.47321,4.3,49.1,stable,2.42,87.4,72.7,79,5,0,40.1,41.1,9.6,60.9,0,Medium,1481,1,1,1,0.001458588157203085,0.15,LOW
FDR-308,feeder,Baroda South Substation,Baroda South,22.21195,73.36712,44.3,63.4,rising,4.32,65.9,96.7,201,3,0,42.1,60.7,18.6,0.0,1,Low,561,1,2,1,0.9908716663727349,99.09,HIGH
BRK-200,breaker,Anand Substation,Anand,22.33105,73.26765,9.1,57.1,stable,3.32,74.6,67.2,181,4,1,60.1,56.3,17.5,47.8,1,Medium,1743,0,3,0,0.003647048695399408,0.36,LOW
TX-360,transformer,Karjan Substation,Karjan,22.28708,73.08223,44.6,64.4,stable,4.71,59.8,95.7,295,3,3,48.5,40.4,13.9,66.2,3,Low,663,0,2,1,0.9957469308413366,99.57,CRITICAL
FDR-309,feeder,Nadiad Substation,Nadiad,22.53288,73.36598,1.0,56.3,stable,3.15,78.3,71.1,93,1,0,59.7,33.7,13.8,79.9,0,Low,188,0,1,0,0.0017137088004797465,0.17,LOW
CAP-171,capacitor_bank,Godhra Substation,Godhra,22.12999,73.33075,26.7,57.7,rising,3.97,76.1,79.7,187,4,0,49.0,39.7,28.3,6.4,1,Medium,1898,0,3,0,0.017105458338600294,1.71,LOW
TX-361,transformer,Vadodara Central Substation,Vadodara Central,22.42686,72.95428,35.5,61.9,stable,4.0,63.7,72.0,325,6,0,28.8,56.3,15.8,0.0,0,Low,173,1,3,0,0.0976331009377665,9.76,MEDIUM
TX-362,transformer,Bharuch Substation,Bharuch,22.31017,73.00849,28.1,62.8,rising,3.71,70.3,70.8,261,4,0,59.1,67.3,12.5,0.0,0,Medium,903,1,1,1,0.9619308373059712,96.19,MEDIUM
BRK-201,breaker,Baroda North Substation,Baroda North,22.53167,73.08924,38.6,61.6,rising,4.61,59.5,66.1,159,7,0,69.1,67.2,11.3,0.0,1,Medium,1489,1,5,1,0.9941812897378606,99.42,CRITICAL
TX-363,transformer,Baroda South Substation,Baroda South,22.2512,73.04176,12.9,60.0,rising,3.51,77.8,64.5,170,2,1,38.3,47.0,19.3,0.0,1,Medium,1499,1,1,0,0.0026422085018588406,0.26,LOW
FDR-310,feeder,Bharuch Substation,Bharuch,22.40149,73.29931,41.8,66.0,stable,5.32,50.4,74.3,269,0,2,22.6,55.9,4.7,77.0,3,High,2167,2,4,1,0.9978616240329362,99.79,CRITICAL
TX-364,transformer,Padra Substation,Padra,22.41598,72.94809,24.3,58.3,stable,3.51,81.4,78.0,157,7,0,66.0,39.9,17.5,72.7,0,Low,728,0,3,0,0.01965722978249287,1.97,LOW
TX-365,transformer,Baroda South Substation,Baroda South,22.45164,73.26329,30.2,59.9,rising,3.74,69.9,77.4,154,3,0,32.8,84.2,19.6,50.1,0,Low,582,0,1,0,0.0638392954299239,6.38,LOW
FDR-311,feeder,Halol Substation,Halol,22.10852,73.17821,40.2,70.7,rising,4.76,55.1,65.4,223,3,2,50.4,51.4,15.9,42.9,2,Medium,843,0,2,1,0.9805256464615508,98.05,MEDIUM
FDR-312,feeder,Vadodara Central Substation,Vadodara Central,22.02142,73.06283,24.3,63.8,stable,4.27,65.2,69.5,270,1,0,62.1,47.7,20.1,29.2,0,Low,939,0,4,1,0.9773467346230683,97.73,MEDIUM
CAP-172,capacitor_bank,Baroda South Substation,Baroda South,22.26635,73.18597,9.7,60.7,rising,4.29,60.3,87.1,175,3,0,46.3,66.3,23.4,63.3,0,Low,230,0,4,0,0.007865664688213342,0.79,LOW
RCL-167,recloser,Anand Substation,Anand,22.05343,73.08459,8.9,55.3,falling,3.02,89.6,80.5,61,7,0,52.7,79.8,28.0,7.0,0,Medium,991,1,5,0,0.0010604961711242094,0.11,LOW
TX-366,transformer,Halol Substation,Halol,22.08635,73.2917,9.6,53.7,stable,2.17,82.3,45.1,165,4,0,61.5,36.7,29.7,0.5,0,Medium,1523,1,6,0,0.0005599848656414806,0.06,LOW
TX-367,transformer,Bharuch Substation,Bharuch,22.21893,73.47371,33.6,56.6,rising,3.92,73.6,68.3,142,5,0,36.3,49.0,18.6,34.7,0,Medium,1201,0,2,0,0.1358874479735255,13.59,MEDIUM
TX-368,transformer,Halol Substation,Halol,22.32625,72.92013,38.1,63.5,rising,3.85,63.7,48.6,260,7,0,17.9,83.7,8.2,46.7,0,Medium,971,0,6,1,0.9909144271115914,99.09,HIGH
FDR-313,feeder,Baroda South Substation,Baroda South,22.36611,72.91335,2.8,50.5,falling,2.98,82.7,62.0,127,5,0,16.4,77.9,21.6,0.0,0,Low,666,1,4,0,0.0016226261456346225,0.16,LOW
BRK-202,breaker,Baroda North Substation,Baroda North,22.46924,73.31783,40.1,62.3,stable,4.04,65.1,71.6,239,2,0,41.3,41.6,17.9,0.0,0,Medium,922,0,6,1,0.9913258444874153,99.13,HIGH
CAP-173,capacitor_bank,Padra Substation,Padra,22.03077,72.93672,36.1,72.6,stable,5.77,43.9,88.4,208,5,0,61.2,64.7,9.8,35.7,0,Medium,1166,0,2,1,0.9818695010702667,98.19,HIGH
BRK-203,breaker,Karjan Substation,Karjan,22.58073,72.95226,15.2,55.6,rising,2.99,88.8,69.8,80,7,0,39.0,47.9,14.1,22.5,0,Medium,1193,0,2,0,0.0033256092928538547,0.33,LOW
RCL-168,recloser,Nadiad Substation,Nadiad,22.45044,73.38703,16.8,57.6,falling,3.09,67.4,32.2,235,3,0,61.2,21.2,42.7,0.0,0,Medium,1131,0,6,0,0.007456993358087294,0.75,LOW
BRK-204,breaker,Baroda North Substation,Baroda North,22.2577,73.09714,41.8,63.3,rising,4.51,59.7,62.5,158,2,0,22.4,59.0,16.1,0.0,0,Medium,1768,1,6,1,0.9890444971925711,98.9,HIGH
FDR-314,feeder,Anand Substation,Anand,22.36236,72.91154,39.7,61.2,stable,4.52,70.5,59.2,204,5,0,47.7,73.3,38.8,0.0,0,High,2042,2,1,1,0.9901902944661171,99.02,HIGH
FDR-315,feeder,Karjan Substation,Karjan,22.59599,73.15277,19.4,49.7,falling,3.22,78.4,58.6,63,8,0,61.6,67.9,27.4,0.0,0,Low,272,1,2,0,0.0024912639697647256,0.25,LOW
CAP-174,capacitor_bank,Nadiad Substation,Nadiad,22.56978,73.17512,9.1,49.3,falling,2.86,77.5,54.1,24,8,0,40.0,62.5,15.7,77.5,0,Medium,1910,0,2,0,0.0021474889499643753,0.21,LOW
TX-369,transformer,Nadiad Substation,Nadiad,22.44522,73.06703,12.0,52.4,stable,3.35,78.6,92.9,150,7,0,63.8,68.6,20.4,28.3,0,Low,51,0,3,1,0.9395495307014013,93.95,MEDIUM
TX-370,transformer,Vadodara Central Substation,Vadodara Central,22.57745,73.41319,22.9,54.3,rising,3.43,86.7,63.6,95,5,0,44.5,29.7,21.9,75.2,0,Low,333,0,4,0,0.004939515432990058,0.49,LOW
TX-371,transformer,Anand Substation,Anand,22.41436,73.4191,18.5,63.8,falling,3.65,66.6,59.6,171,2,1,24.4,32.6,7.0,0.0,1,Medium,999,1,5,1,0.04069905702006019,4.07,LOW
FDR-316,feeder,Halol Substation,Halol,22.38888,73.45797,24.1,55.6,falling,4.21,64.1,79.2,72,5,0,64.4,55.6,13.8,75.5,1,High,2180,2,6,1,0.4229311016403077,42.29,MEDIUM
FDR-317,feeder,Baroda North Substation,Baroda North,21.9948,73.44515,42.2,68.1,rising,5.85,46.7,93.3,286,6,1,23.9,75.2,20.9,11.4,1,Low,524,0,6,1,0.9959721878086772,99.6,CRITICAL
RCL-169,recloser,Baroda South Substation,Baroda South,21.9922,72.90259,26.1,54.9,stable,3.11,74.1,50.4,93,6,1,28.0,17.6,6.6,53.2,1,Low,20,0,5,0,0.0063837619682924835,0.64,LOW
FDR-318,feeder,Anand Substation,Anand,22.49529,72.95816,26.2,65.9,rising,4.4,70.1,74.6,79,4,0,40.4,71.2,13.7,55.2,0,Low,543,0,3,1,0.9705986438467117,97.06,MEDIUM
FDR-319,feeder,Godhra Substation,Godhra,22.10063,73.26536,26.3,64.1,falling,4.55,69.8,79.3,260,3,0,38.2,44.8,18.7,68.5,0,Low,473,0,4,0,0.829506614589144,82.95,MEDIUM
FDR-320,feeder,Anand Substation,Anand,22.50471,73.25585,10.9,58.2,falling,3.39,76.2,80.5,95,5,0,12.0,26.7,0.0,14.0,0,Low,20,0,2,0,0.0047137821390437,0.47,LOW
FDR-321,feeder,Godhra Substation,Godhra,22.40178,73.09136,33.1,69.0,rising,5.11,59.9,80.2,203,3,1,31.0,59.1,16.5,0.4,2,Low,420,0,1,1,0.9885566821623505,98.86,HIGH
FDR-322,feeder,Anand Substation,Anand,22.13656,73.4825,26.9,55.1,rising,3.54,74.2,85.9,132,6,0,16.7,47.8,44.3,38.0,0,Low,20,0,6,0,0.01642827067928922,1.64,LOW
BRK-205,breaker,Karjan Substation,Karjan,22.40095,73.25969,6.8,48.0,rising,3.18,83.7,74.8,132,4,0,37.5,51.0,19.2,31.0,0,High,1731,1,6,0,0.0014544430964818437,0.15,LOW
FDR-323,feeder,Nadiad Substation,Nadiad,22.37468,73.18563,5.4,50.5,rising,2.62,81.7,62.9,154,5,0,47.2,44.7,22.8,0.0,0,Low,548,0,4,0,0.0016069238108697482,0.16,LOW
FDR-324,feeder,Nadiad Substation,Nadiad,22.43126,73.12556,35.0,63.2,falling,4.1,73.5,88.1,244,5,0,18.0,41.1,13.2,56.7,0,Low,20,0,6,1,0.9858934579661663,98.59,HIGH
TX-372,transformer,Anand Substation,Anand,22.20025,73.40245,6.7,48.8,stable,2.27,86.6,54.9,131,3,0,68.7,69.5,20.6,35.8,0,Medium,1318,1,6,0,0.0008168520816953118,0.08,LOW
FDR-325,feeder,Anand Substation,Anand,22.3363,73.22007,3.6,58.6,stable,3.65,72.5,72.3,198,3,0,8.3,43.4,26.1,19.2,0,Medium,1154,1,1,0,0.002282320699598681,0.23,LOW
CAP-175,capacitor_bank,Halol Substation,Halol,22.27057,73.07004,15.2,56.8,falling,3.01,82.9,61.2,139,6,0,35.2,46.4,28.5,44.5,0,Medium,1344,0,3,0,0.00787231101167805,0.79,LOW
TX-373,transformer,Bharuch Substation,Bharuch,21.91122,73.01804,31.2,54.9,stable,3.46,65.4,58.7,182,6,0,36.6,61.9,10.7,6.2,0,High,2377,2,4,0,0.027216180615146572,2.72,LOW
TX-374,transformer,Padra Substation,Padra,22.15576,72.95824,32.9,67.5,stable,4.32,63.1,77.3,175,2,0,34.6,51.7,24.5,14.7,0,Low,238,0,6,0,0.03596734695575361,3.6,LOW
BRK-206,breaker,Halol Substation,Halol,22.222,73.22816,33.4,64.6,falling,4.16,68.9,62.9,158,3,0,72.8,41.6,22.2,58.3,0,Medium,1478,0,5,1,0.9536546637315855,95.37,MEDIUM
BRK-207,breaker,Anand Substation,Anand,22.10237,72.92395,4.9,51.2,falling,2.87,73.5,67.7,121,3,0,56.3,59.9,13.5,25.4,0,Medium,778,1,4,0,0.0013044402973855815,0.13,LOW
RCL-170,recloser,Bharuch Substation,Bharuch,21.94568,73.27011,43.4,61.5,falling,4.23,71.6,67.2,177,2,0,20.7,41.7,16.0,52.0,0,Low,546,1,1,1,0.5815640088383266,58.16,MEDIUM
BRK-208,breaker,Padra Substation,Padra,21.90265,73.3994,7.6,55.6,stable,3.15,75.5,44.9,171,4,1,57.4,87.0,26.1,19.8,1,Low,806,0,1,0,0.0011704722510712331,0.12,LOW
RCL-171,recloser,Godhra Substation,Godhra,22.16492,72.92073,32.9,58.6,rising,3.81,60.1,58.9,228,6,1,26.5,69.6,15.2,28.0,1,Low,780,0,2,0,0.029516912932601194,2.95,LOW
TX-375,transformer,Padra Substation,Padra,22.18339,73.38291,32.2,65.5,rising,4.55,62.0,71.0,223,4,0,24.2,47.2,19.6,37.8,0,High,2189,2,6,0,0.05274943133194979,5.27,LOW
FDR-326,feeder,Vadodara Central Substation,Vadodara Central,22.33415,73.089,14.9,62.9,stable,5.02,67.3,94.5,302,2,0,32.8,43.3,15.9,101.8,0,High,2189,1,6,1,0.7847278791020508,78.47,MEDIUM
CAP-176,capacitor_bank,Karjan Substation,Karjan,22.05958,72.90977,39.4,67.1,rising,5.04,52.5,76.0,95,4,1,53.7,46.2,0.0,44.7,1,Low,270,0,3,1,0.9954558621041008,99.55,CRITICAL
TX-376,transformer,Halol Substation,Halol,22.35425,72.93469,43.8,63.1,rising,4.32,68.9,64.4,208,2,0,68.7,53.2,14.6,0.0,1,High,2165,2,5,1,0.9972008891983887,99.72,CRITICAL
RCL-172,recloser,Nadiad Substation,Nadiad,22.2791,73.48264,33.2,58.9,rising,3.48,81.6,61.2,130,0,1,8.9,35.5,28.5,23.3,1,Low,730,0,6,0,0.008310606445781273,0.83,LOW
CAP-177,capacitor_bank,Halol Substation,Halol,22.14645,73.49472,3.6,53.9,stable,2.4,82.1,59.4,153,8,0,18.6,44.9,22.5,0.0,0,Low,403,0,4,0,0.0017982865302198063,0.18,LOW
FDR-327,feeder,Nadiad Substation,Nadiad,22.18458,73.22065,24.4,54.2,stable,3.38,71.5,60.9,224,7,1,74.9,53.4,35.1,6.4,1,Low,190,0,5,0,0.00488245586647906,0.49,LOW
FDR-328,feeder,Godhra Substation,Godhra,22.4227,73.02755,20.9,62.6,stable,4.27,67.4,86.0,213,6,0,28.9,67.4,33.8,34.5,0,Medium,1395,2,3,0,0.9019381258298976,90.19,MEDIUM
TX-377,transformer,Vadodara Central Substation,Vadodara Central,22.5915,73.48421,38.2,67.1,stable,4.18,56.0,51.0,238,4,1,57.0,54.7,19.6,35.8,1,Medium,1393,0,3,1,0.9942900857163809,99.43,CRITICAL
TX-378,transformer,Godhra Substation,Godhra,22.22805,73.40663,28.6,58.3,rising,3.84,68.9,69.8,182,7,1,72.9,67.6,0.0,13.9,1,Low,742,0,1,1,0.2661348920076834,26.61,MEDIUM
TX-379,transformer,Karjan Substation,Karjan,22.26001,73.46254,21.3,61.6,falling,4.22,66.8,79.1,236,4,0,85.3,55.7,18.7,0.0,0,Low,322,0,6,1,0.9759190691151566,97.59,MEDIUM
FDR-329,feeder,Godhra Substation,Godhra,22.54633,73.37894,25.1,60.6,stable,3.91,78.1,76.2,242,5,0,78.6,50.4,8.6,59.4,0,Medium,1725,0,5,1,0.9495495154433792,94.95,MEDIUM
FDR-330,feeder,Baroda South Substation,Baroda South,21.93963,73.32506,16.0,53.1,stable,3.16,72.9,64.7,151,7,0,63.0,38.8,19.8,0.0,0,High,2192,2,5,0,0.004671293509251253,0.47,LOW
RCL-173,recloser,Bharuch Substation,Bharuch,22.42426,73.17766,20.7,61.6,stable,4.26,72.2,83.6,37,7,0,56.7,51.1,24.2,0.0,0,Medium,1136,0,4,1,0.9649337885122737,96.49,MEDIUM
FDR-331,feeder,Bharuch Substation,Bharuch,22.45045,73.26158,44.5,66.4,stable,4.59,58.1,84.9,325,2,1,41.8,79.4,0.0,26.0,2,Medium,975,0,6,1,0.9949326789155094,99.49,CRITICAL
TX-380,transformer,Baroda North Substation,Baroda North,22.23673,72.98804,29.5,64.6,stable,4.53,66.2,85.8,141,4,2,39.0,70.2,18.4,25.2,2,High,1534,3,2,1,0.9786739031461272,97.87,MEDIUM
FDR-332,feeder,Karjan Substation,Karjan,22.34249,73.30881,15.4,55.0,stable,2.82,85.6,47.8,149,3,0,65.3,44.0,18.6,57.2,0,High,2327,2,3,0,0.003931577642978289,0.39,LOW
FDR-333,feeder,Anand Substation,Anand,22.4553,73.4105,30.7,61.0,stable,3.55,68.7,67.7,143,3,1,40.3,50.2,26.0,28.7,1,Low,411,0,6,1,0.030361368338640168,3.04,LOW
FDR-334,feeder,Halol Substation,Halol,21.91732,73.35677,24.5,51.8,rising,3.06,76.6,51.5,68,9,0,53.0,81.7,15.0,17.1,0,Low,163,1,3,0,0.0033930966903235544,0.34,LOW
BRK-209,breaker,Vadodara Central Substation,Vadodara Central,22.48091,73.09886,10.6,51.2,stable,3.15,82.2,72.1,93,5,1,26.3,44.3,5.1,44.3,1,Medium,1715,1,5,0,0.003287997072565621,0.33,LOW
BRK-210,breaker,Nadiad Substation,Nadiad,22.34253,73.11404,5.0,59.0,stable,3.75,76.5,78.0,193,1,0,22.0,45.0,19.4,31.1,0,Low,732,0,6,0,0.0033090739414794435,0.33,LOW
TX-381,transformer,Halol Substation,Halol,22.59736,73.25489,5.1,52.9,rising,3.31,77.9,70.3,100,5,0,0.2,31.2,31.7,32.5,0,Medium,1041,1,6,0,0.000969118258823657,0.1,LOW
TX-382,transformer,Vadodara Central Substation,Vadodara Central,22.56678,72.9009,42.1,66.0,stable,4.84,55.7,79.9,177,4,0,16.7,62.4,29.8,52.8,0,Medium,1615,0,4,0,0.031859989758536586,3.19,LOW
BRK-211,breaker,Godhra Substation,Godhra,22.10564,73.27007,12.8,52.9,rising,2.96,81.5,71.8,117,5,0,58.6,54.6,13.6,71.8,0,Medium,936,0,3,0,0.0013953169591820929,0.14,LOW
BRK-212,breaker,Bharuch Substation,Bharuch,22.24018,73.1632,39.8,56.4,stable,3.85,70.4,72.4,164,5,0,51.2,57.8,8.8,68.3,0,Low,206,0,2,0,0.04491575303241623,4.49,LOW
TX-383,transformer,Baroda North Substation,Baroda North,22.30086,73.08041,35.9,64.4,rising,4.45,59.0,91.6,193,4,1,28.8,80.6,14.6,64.0,1,Medium,1178,2,2,1,0.9756768472349712,97.57,MEDIUM
RCL-174,recloser,Baroda North Substation,Baroda North,22.35544,73.15496,4.7,52.2,rising,2.5,81.4,67.3,100,5,0,15.7,43.9,13.3,105.7,1,Low,677,0,4,0,0.0020762889865129966,0.21,LOW
TX-384,transformer,Padra Substation,Padra,22.26715,73.15395,24.6,70.9,rising,4.77,49.9,77.2,272,4,1,67.2,30.5,0.3,102.4,2,Medium,1358,2,6,1,0.8867773971903076,88.68,MEDIUM
BRK-213,breaker,Anand Substation,Anand,22.01774,73.34454,9.7,56.9,stable,3.11,75.5,59.6,184,4,0,42.4,62.0,28.8,107.6,0,Low,20,0,2,0,0.00291351465242481,0.29,LOW
BRK-214,breaker,Anand Substation,Anand,22.16445,73.29301,15.1,58.7,rising,3.96,68.7,88.9,250,6,0,20.9,62.3,11.6,70.1,0,Medium,1360,1,3,1,0.9579051403320614,95.79,MEDIUM
BRK-215,breaker,Karjan Substation,Karjan,22.10888,73.38249,24.5,63.0,stable,4.74,60.4,80.6,315,5,0,41.0,55.9,31.5,4.5,0,Low,996,0,4,1,0.984656118489002,98.47,HIGH
FDR-335,feeder,Anand Substation,Anand,22.13423,73.00654,8.7,47.3,stable,3.0,87.1,72.8,118,1,0,44.7,51.7,30.9,18.4,0,High,1949,1,1,0,0.0021252298907261727,0.21,LOW
RCL-175,recloser,Bharuch Substation,Bharuch,22.54666,73.13628,40.5,75.9,rising,5.43,55.1,79.8,369,2,1,51.4,65.5,17.7,1.9,1,Low,661,0,3,1,0.9971598838086987,99.72,CRITICAL
BRK-216,breaker,Bharuch Substation,Bharuch,22.56563,73.34697,6.6,50.7,stable,2.24,83.6,53.0,105,7,1,15.2,34.9,18.5,30.6,1,Medium,1604,2,4,0,0.0008329508494809919,0.08,LOW
TX-385,transformer,Nadiad Substation,Nadiad,21.97105,73.43816,34.0,57.2,stable,3.95,64.9,65.4,206,2,0,30.4,30.5,4.8,0.0,0,Low,252,0,1,1,0.9636895474167924,96.37,MEDIUM
TX-386,transformer,Halol Substation,Halol,22.17876,73.01788,6.8,45.6,stable,2.79,84.4,66.2,17,2,1,12.7,57.4,16.9,67.5,1,Low,190,0,3,0,0.0010461545972259181,0.1,LOW
BRK-217,breaker,Halol Substation,Halol,21.95595,73.30066,26.4,62.2,rising,4.16,65.3,75.9,151,5,0,16.5,54.8,4.7,57.2,0,Low,20,0,6,1,0.968161577963129,96.82,MEDIUM
FDR-336,feeder,Vadodara Central Substation,Vadodara Central,22.03628,73.03897,44.5,67.6,stable,5.29,43.5,70.9,265,5,0,58.5,59.3,5.3,85.8,0,Medium,1696,1,1,1,0.9793134546142478,97.93,MEDIUM
TX-387,transformer,Vadodara Central Substation,Vadodara Central,22.36404,72.94982,24.5,62.3,rising,4.32,63.5,54.9,194,8,1,32.6,56.2,21.8,39.7,2,Low,838,0,5,1,0.9728174088730775,97.28,MEDIUM
CAP-178,capacitor_bank,Baroda South Substation,Baroda South,21.95228,72.93683,6.2,57.1,falling,3.19,72.7,66.2,129,4,0,48.6,60.4,29.2,38.6,0,High,1887,2,2,0,0.0019652890465416506,0.2,LOW
RCL-176,recloser,Baroda North Substation,Baroda North,22.57945,73.21245,24.9,54.6,rising,3.6,77.2,45.9,197,7,0,67.9,73.6,26.7,97.7,0,Low,111,0,2,0,0.006994957541325375,0.7,LOW
TX-388,transformer,Baroda North Substation,Baroda North,22.36033,73.12737,15.0,55.4,falling,3.09,81.7,89.7,203,6,0,22.5,61.2,13.0,80.0,0,Low,593,0,1,0,0.039163180159117954,3.92,LOW
